Calling Party,Called Party,Call Date Time,Duration(s),Call Type,IMEI,IMSI,First CGI,TAC
9812157052,9812235144,12/02/2026 00:00:12,33,MTC,863458632211406,404450719625768,HR-SNP-0147,1204
9416070946,9876167954,12/02/2026 00:02:48,234,MTC,863929034989247,404450544549689,HR-SNP-0147,1204
9896069598,9416019016,12/02/2026 00:04:29,14,MOC,869601545175688,404450918690821,HR-SNP-0147,1204
9416148752,9896047930,12/02/2026 00:05:25,193,MOC,864832819004695,404450561325766,HR-SNP-0147,1204
9812196374,9812233206,12/02/2026 00:05:37,260,MOC,867070869019666,404450456954682,HR-SNP-0147,1204
9416037869,9812233206,12/02/2026 00:07:36,247,MTC,867672368848158,404450984076542,HR-SNP-0147,1204
9812157052,9812127601,12/02/2026 00:09:01,186,MTC,862804440017919,404450511834185,HR-SNP-0147,1204
9812113278,9812096511,12/02/2026 00:09:44,152,MOC,862789186085521,404450958459117,HR-SNP-0147,1204
9416146265,9812010464,12/02/2026 00:11:34,251,MTC,862125659992939,404450382492880,HR-SNP-0147,1204
9896048890,9812286099,12/02/2026 00:12:53,162,MTC,861090654579358,404450475510815,HR-SNP-0147,1204
9812056898,9416199065,12/02/2026 00:13:21,299,MTC,863495674866098,404450895609471,HR-SNP-0147,1204
9812154313,9896163225,12/02/2026 00:14:22,152,MOC,864251500347732,404450259188853,HR-SNP-0147,1204
9812154313,9896062923,12/02/2026 00:14:24,184,MTC,864012941130618,404450191519166,HR-SNP-0147,1204
9896139444,9896166985,12/02/2026 00:14:27,220,MOC,865834940002134,404450675244407,HR-SNP-0147,1204
9896157795,9416067199,12/02/2026 00:14:29,256,MTC,866547468525661,404450628646448,HR-SNP-0147,1204
9876181200,9812292240,12/02/2026 00:14:48,204,MTC,866890290905860,404450562370643,HR-SNP-0147,1204
9896193886,9896127361,12/02/2026 00:15:33,70,MOC,866556847100762,404450538994061,HR-SNP-0147,1204
9812056105,9416138893,12/02/2026 00:15:47,155,MTC,864625497396628,404450253639423,HR-SNP-0147,1204
9896193886,9896095181,12/02/2026 00:16:14,131,MTC,861589986643823,404450140657269,HR-SNP-0147,1204
9416156438,9896029342,12/02/2026 00:17:13,222,MTC,861649788928816,404450623445398,HR-SNP-0147,1204
9896099733,9876187236,12/02/2026 00:17:45,75,MTC,867494258602854,404450689360922,HR-SNP-0147,1204
9416023396,9812097538,12/02/2026 00:18:24,204,MOC,867362244303213,404450757965465,HR-SNP-0147,1204
9812233206,9896186622,12/02/2026 00:20:15,64,MTC,868994156320838,404450788603957,HR-SNP-0147,1204
9896057739,9812199353,12/02/2026 00:20:32,289,MOC,868769913072912,404450471048258,HR-SNP-0147,1204
9812044099,9416134050,12/02/2026 00:20:39,265,MTC,862679219855307,404450667106600,HR-SNP-0147,1204
9416154473,9812160488,12/02/2026 00:23:03,123,MOC,867581804501791,404450519977113,HR-SNP-0147,1204
9812146585,9812024663,12/02/2026 00:23:09,273,MOC,863802235179220,404450292355674,HR-SNP-0147,1204
9896060328,9896045992,12/02/2026 00:23:34,272,MTC,868405947460045,404450478939097,HR-SNP-0147,1204
9812187992,9812022097,12/02/2026 00:24:30,235,MTC,864810400239032,404450867094342,HR-SNP-0147,1204
9416181810,9416173654,12/02/2026 00:25:21,52,MOC,864957854232754,404450124724799,HR-SNP-0147,1204
9812187397,9896017592,12/02/2026 00:32:48,123,MOC,864598142252417,404450171013341,HR-SNP-0147,1204
9416114165,9416146265,12/02/2026 00:33:35,291,MTC,867122832072479,404450473098534,HR-SNP-0147,1204
9896118675,9416197153,12/02/2026 00:35:37,164,MOC,864776229249314,404450438126323,HR-SNP-0147,1204
9876138080,9812290676,12/02/2026 00:36:21,66,MTC,866414165774564,404450955508961,HR-SNP-0147,1204
9896199593,9896043386,12/02/2026 00:38:34,205,MOC,865088865953120,404450122777694,HR-SNP-0147,1204
9896034931,9812259672,12/02/2026 00:41:23,224,MOC,868216420765382,404450638824588,HR-SNP-0147,1204
9896022363,9896193886,12/02/2026 00:41:33,171,MOC,868338588570110,404450608242781,HR-SNP-0147,1204
9812021003,9416074042,12/02/2026 00:42:23,283,MOC,865961126488164,404450389046078,HR-SNP-0147,1204
9896044970,9896199593,12/02/2026 00:42:53,134,MOC,861895035679701,404450458468773,HR-SNP-0147,1204
9416019508,9896062923,12/02/2026 00:43:49,77,MOC,864934226394586,404450371002172,HR-SNP-0147,1204
9896060328,9416037869,12/02/2026 00:44:35,172,MTC,867865807388828,404450446197308,HR-SNP-0147,1204
9416186484,9812022224,12/02/2026 00:46:13,186,MOC,861915843815020,404450828330158,HR-SNP-0147,1204
9812189840,9896169429,12/02/2026 00:47:25,271,MOC,861661829923715,404450594318319,HR-SNP-0147,1204
9416173654,9812037110,12/02/2026 00:47:40,88,MTC,869533944826537,404450606257674,HR-SNP-0147,1204
9896097841,9812040007,12/02/2026 00:47:53,73,MTC,861660532156542,404450502859804,HR-SNP-0147,1204
9416186484,9812142591,12/02/2026 00:50:28,138,MOC,863934367060836,404450526324454,HR-SNP-0147,1204
9812298039,9812159615,12/02/2026 00:52:29,136,MOC,865193922076607,404450465933326,HR-SNP-0147,1204
9812056105,9896039219,12/02/2026 00:54:00,129,MTC,862334211639767,404450485573103,HR-SNP-0147,1204
9812146585,9896084341,12/02/2026 00:55:25,209,MOC,866414422207738,404450636531772,HR-SNP-0147,1204
9812096511,9812044099,12/02/2026 00:56:14,159,MOC,866425039801913,404450942754807,HR-SNP-0147,1204
9896045992,9896115695,12/02/2026 00:56:45,178,MOC,862804350149101,404450113194760,HR-SNP-0147,1204
9896062923,9812182357,12/02/2026 00:58:13,126,MOC,869450706884627,404450283085932,HR-SNP-0147,1204
9416017331,9812022097,12/02/2026 00:58:38,144,MTC,863183872935263,404450802026333,HR-SNP-0147,1204
9896073993,9416173654,12/02/2026 00:59:45,142,MOC,865044575753967,404450959166755,HR-SNP-0147,1204
9416024621,9812299192,12/02/2026 01:01:03,108,MOC,862700301471711,404450955690804,HR-SNP-0147,1204
9416188172,9896076307,12/02/2026 01:02:58,259,MOC,868236537113370,404450573185010,HR-SNP-0147,1204
9416146265,9896137549,12/02/2026 01:06:59,120,MTC,868981852402784,404450466034277,HR-SNP-0147,1204
9896062923,9812022280,12/02/2026 01:07:20,283,MOC,866190664362330,404450780801356,HR-SNP-0147,1204
9812156357,9812087110,12/02/2026 01:07:48,20,MOC,863221522634754,404450608482316,HR-SNP-0147,1204
9416094080,9896072277,12/02/2026 01:08:03,215,MTC,862901322311141,404450626422169,HR-SNP-0147,1204
9812088504,9416161049,12/02/2026 01:08:20,258,MOC,861558769891906,404450713119661,HR-SNP-0147,1204
9416148752,9876192149,12/02/2026 01:09:13,204,MTC,869373265094514,404450160252954,HR-SNP-0147,1204
9812290676,9416131632,12/02/2026 01:09:20,84,MOC,862255815889134,404450683247918,HR-SNP-0147,1204
9896044970,9812169692,12/02/2026 01:10:25,188,MOC,863065853317837,404450932828137,HR-SNP-0147,1204
9896040495,9416070946,12/02/2026 01:13:21,135,MOC,868719783947424,404450351619881,HR-SNP-0147,1204
9812269470,9812245697,12/02/2026 01:15:02,267,MOC,869416306123619,404450777613840,HR-SNP-0147,1204
9896139444,9812114117,12/02/2026 01:15:15,236,MOC,862812033859741,404450519423299,HR-SNP-0147,1204
9876132241,9416046421,12/02/2026 01:15:23,85,MTC,869012714333284,404450831289574,HR-SNP-0147,1204
9876130861,9896142098,12/02/2026 01:20:19,53,MOC,865366989405230,404450806094391,HR-SNP-0147,1204
9812088504,9812023970,12/02/2026 01:20:51,149,MOC,865544200562552,404450947901530,HR-SNP-0147,1204
9812240311,9896085880,12/02/2026 01:21:18,69,MOC,863386015594370,404450517305280,HR-SNP-0147,1204
9812088504,9416148752,12/02/2026 01:21:42,237,MOC,869490287164329,404450636929225,HR-SNP-0147,1204
9416089131,9876138080,12/02/2026 01:22:10,156,MOC,869918903659884,404450512834919,HR-SNP-0147,1204
9812056898,9896095181,12/02/2026 01:22:12,55,MTC,868367362932327,404450104907047,HR-SNP-0147,1204
9812144237,9896039451,12/02/2026 01:22:49,178,MOC,866584652028787,404450791062461,HR-SNP-0147,1204
9896139444,9896097782,12/02/2026 01:25:17,70,MOC,861020734048168,404450932010779,HR-SNP-0147,1204
9416117685,9812061645,12/02/2026 01:26:24,296,MOC,864674256020520,404450457517705,HR-SNP-0147,1204
9896125129,9896017665,12/02/2026 01:26:32,157,MOC,866827123319488,404450468001834,HR-SNP-0147,1204
9812277889,9416156438,12/02/2026 01:27:11,276,MTC,867623586249712,404450801878526,HR-SNP-0147,1204
9416192544,9876181200,12/02/2026 01:27:57,225,MTC,861557920537335,404450272134233,HR-SNP-0147,1204
9416134050,9812284847,12/02/2026 01:28:43,262,MOC,865988109652976,404450590641779,HR-SNP-0147,1204
9896028289,9812191959,12/02/2026 01:28:47,294,MTC,863830942079565,404450727050254,HR-SNP-0147,1204
9416192544,9416155309,12/02/2026 01:28:55,202,MOC,862419430717071,404450106817809,HR-SNP-0147,1204
9896196951,9812056105,12/02/2026 01:29:51,143,MOC,869669407579009,404450464188244,HR-SNP-0147,1204
9896034931,9896161876,12/02/2026 01:30:54,121,MTC,865354028875173,404450419662531,HR-SNP-0147,1204
9812199353,9416130028,12/02/2026 01:31:54,187,MTC,865512533039320,404450902448600,HR-SNP-0147,1204
9896165444,9896125129,12/02/2026 01:32:10,72,MTC,864493091804091,404450487005172,HR-SNP-0147,1204
9896031417,9416031174,12/02/2026 01:32:25,245,MOC,866509850807795,404450718216692,HR-SNP-0147,1204
9812129536,9812099166,12/02/2026 01:32:58,300,MTC,861817208130632,404450179830621,HR-SNP-0147,1204
9876192149,9416180545,12/02/2026 01:33:32,118,MTC,863622234564223,404450895697985,HR-SNP-0147,1204
9416097670,9812238221,12/02/2026 01:34:33,15,MOC,863180908676150,404450746169210,HR-SNP-0147,1204
9812226828,9812070068,12/02/2026 01:35:48,174,MOC,862691994686111,404450279738803,HR-SNP-0147,1204
9812144237,9416054236,12/02/2026 01:37:44,106,MOC,864787442296987,404450244104747,HR-SNP-0147,1204
9896084364,9416037869,12/02/2026 01:38:17,184,MTC,868297924711880,404450125830942,HR-SNP-0147,1204
9416019016,9812159797,12/02/2026 01:39:26,268,MTC,863325170315714,404450700823397,HR-SNP-0147,1204
9812044522,9812298039,12/02/2026 01:39:36,42,MOC,863483667460119,404450913413214,HR-SNP-0147,1204
9812149363,9416188172,12/02/2026 01:40:04,17,MOC,861878890588653,404450430000948,HR-SNP-0147,1204
9416096951,9812164948,12/02/2026 01:40:26,170,MOC,864940911719457,404450819239897,HR-SNP-0147,1204
9416156438,9896125129,12/02/2026 01:40:48,169,MOC,864693208600420,404450444542674,HR-SNP-0147,1204
9876163354,9876168991,12/02/2026 01:42:38,223,MTC,861227864345350,404450898509546,HR-SNP-0147,1204
9416019287,9896017592,12/02/2026 01:45:59,80,MOC,861159562457344,404450334848459,HR-SNP-0147,1204
9812196374,9812277889,12/02/2026 01:46:21,38,MOC,867711325738753,404450199375888,HR-SNP-0147,1204
9416163424,9896018418,12/02/2026 01:47:07,101,MOC,866002228539249,404450756152630,HR-SNP-0147,1204
9896098184,9812121226,12/02/2026 01:50:00,291,MTC,862383988786652,404450592949064,HR-SNP-0147,1204
9896031798,9896047930,12/02/2026 01:50:09,66,MOC,861736855210185,404450644715382,HR-SNP-0147,1204
9416161049,9876164496,12/02/2026 01:50:14,37,MOC,867895254166521,404450292181526,HR-SNP-0147,1204
9812215482,9876164496,12/02/2026 01:50:33,224,MOC,863812784007087,404450973465185,HR-SNP-0147,1204
9812238221,9896084364,12/02/2026 01:51:06,291,MTC,866590791921259,404450664138658,HR-SNP-0147,1204
9896019116,9812244741,12/02/2026 01:52:06,168,MTC,863066655352896,404450241273318,HR-SNP-0147,1204
9812091183,9812182512,12/02/2026 01:52:45,291,MOC,866067750766166,404450570423569,HR-SNP-0147,1204
9812116630,9416172518,12/02/2026 01:53:48,130,MTC,861263386779872,404450279701810,HR-SNP-0147,1204
9812056105,9812121226,12/02/2026 01:55:04,274,MOC,868056434039880,404450174009197,HR-SNP-0147,1204
9416113248,9896095181,12/02/2026 01:55:28,23,MOC,866753878369864,404450263999734,HR-SNP-0147,1204
9416013617,9896170637,12/02/2026 01:56:04,193,MOC,865964386258198,404450133484360,HR-SNP-0147,1204
9416155309,9812290676,12/02/2026 01:57:00,115,MOC,865666654304517,404450809311588,HR-SNP-0147,1204
9812240311,9896047930,12/02/2026 01:58:15,93,MOC,866121673088225,404450255502389,HR-SNP-0147,1204
9812061645,9896118675,12/02/2026 01:58:25,195,MTC,868776576915858,404450916033628,HR-SNP-0147,1204
9812121226,9896045992,12/02/2026 01:58:34,179,MTC,863007693339342,404450204622201,HR-SNP-0147,1204
9812292240,9896125129,12/02/2026 01:58:55,131,MOC,868716422281698,404450920444599,HR-SNP-0147,1204
9896169429,9812217455,12/02/2026 01:59:07,74,MTC,869256148371025,404450614015466,HR-SNP-0147,1204
9812146585,9896087128,12/02/2026 01:59:13,207,MOC,869788538525862,404450785135687,HR-SNP-0147,1204
9812146585,9812159797,12/02/2026 01:59:27,292,MTC,865161251877026,404450575026390,HR-SNP-0147,1204
9416019287,9812091183,12/02/2026 01:59:41,164,MOC,863417067361472,404450920511515,HR-SNP-0147,1204
9876125860,9416054236,12/02/2026 02:00:18,84,MOC,866825257450061,404450194170046,HR-SNP-0147,1204
9876179352,9812169692,12/02/2026 02:01:46,263,MTC,866007836445608,404450444115773,HR-SNP-0147,1204
9812224168,9876130289,12/02/2026 02:02:36,201,MTC,865295592513504,404450670335494,HR-SNP-0147,1204
9896125129,9812226828,12/02/2026 02:06:18,224,MTC,866355281103895,404450874759532,HR-SNP-0147,1204
9812010464,9812269470,12/02/2026 02:07:50,246,MOC,863870573112621,404450156788412,HR-SNP-0147,1204
9416080798,9812292240,12/02/2026 02:08:21,130,MTC,867235898349763,404450751089619,HR-SNP-0147,1204
9416138893,9896192397,12/02/2026 02:09:15,128,MOC,868349440940959,404450999371401,HR-SNP-0147,1204
9812022280,9896034931,12/02/2026 02:10:53,222,MTC,864588292456056,404450465278987,HR-SNP-0147,1204
9876141850,9812160488,12/02/2026 02:10:58,269,MTC,861838050395588,404450912350050,HR-SNP-0147,1204
9896176244,9896176244,12/02/2026 02:11:02,178,MOC,867220877054265,404450814403943,HR-SNP-0147,1204
9896169929,9812049829,12/02/2026 02:13:10,228,MTC,866607184872963,404450847655456,HR-SNP-0147,1204
9416046421,9416068008,12/02/2026 02:14:11,75,MTC,867693024732777,404450204528821,HR-SNP-0147,1204
9896157795,9416091678,12/02/2026 02:19:18,45,MTC,866046722873052,404450539017530,HR-SNP-0147,1204
9812217455,9896062227,12/02/2026 02:21:50,78,MOC,866790794533674,404450665918566,HR-SNP-0147,1204
9876182309,9896084364,12/02/2026 02:22:45,47,MOC,863624876680403,404450970957171,HR-SNP-0147,1204
9876127477,9896019880,12/02/2026 02:24:59,290,MTC,864232571025466,404450776625216,HR-SNP-0147,1204
9812159615,9416154473,12/02/2026 02:27:10,111,MTC,866823767518878,404450483474399,HR-SNP-0147,1204
9416024621,9812169692,12/02/2026 02:27:32,120,MOC,862064819370005,404450947493681,HR-SNP-0147,1204
9812078146,9896192397,12/02/2026 02:27:34,74,MTC,868406050011954,404450616898564,HR-SNP-0147,1204
9416023396,9896014207,12/02/2026 02:28:27,60,MOC,868845554480649,404450477437882,HR-SNP-0147,1204
9876175909,9812096511,12/02/2026 02:30:13,76,MOC,868603422510859,404450978209248,HR-SNP-0147,1204
9812129536,9876161856,12/02/2026 02:30:24,207,MOC,861288229113932,404450317270101,HR-SNP-0147,1204
9896010942,9896095181,12/02/2026 02:31:05,81,MTC,865442035657063,404450807233980,HR-SNP-0147,1204
9896069598,9876138080,12/02/2026 02:32:04,101,MOC,867971183631216,404450570361572,HR-SNP-0147,1204
9896154020,9812127601,12/02/2026 02:33:09,11,MTC,863132374237987,404450709073484,HR-SNP-0147,1204
9812240311,9416127786,12/02/2026 02:33:46,120,MOC,864334549606124,404450307360430,HR-SNP-0147,1204
9416023396,9812096673,12/02/2026 02:34:50,261,MOC,862067896015808,404450487541399,HR-SNP-0147,1204
9812238221,9896139444,12/02/2026 02:34:57,246,MTC,868273915964759,404450356168265,HR-SNP-0147,1204
9896131178,9416023396,12/02/2026 02:35:08,194,MTC,867803795059037,404450710293796,HR-SNP-0147,1204
9896010942,9416056566,12/02/2026 02:35:37,73,MTC,864415196341440,404450919212243,HR-SNP-0147,1204
9896045774,9812044522,12/02/2026 02:41:47,237,MOC,866626349496376,404450817087513,HR-SNP-0147,1204
9876119071,9812044099,12/02/2026 02:42:06,202,MOC,862321698811893,404450687386446,HR-SNP-0147,1204
9812088504,9416197153,12/02/2026 02:43:10,65,MOC,863890966786795,404450582718617,HR-SNP-0147,1204
9896142098,9812113278,12/02/2026 02:44:33,157,MTC,866227179344868,404450715813155,HR-SNP-0147,1204
9416119171,9416031174,12/02/2026 02:47:03,269,MOC,868127837104023,404450925922483,HR-SNP-0147,1204
9416068008,9896110851,12/02/2026 02:47:12,65,MTC,862663926248388,404450598921108,HR-SNP-0147,1204
9896115014,9812078146,12/02/2026 02:47:50,103,MOC,866299130122409,404450391476850,HR-SNP-0147,1204
9896044970,9876139154,12/02/2026 02:52:44,57,MOC,865720390406446,404450504981031,HR-SNP-0147,1204
9896070332,9416192544,12/02/2026 02:53:38,267,MTC,864235716517285,404450516032315,HR-SNP-0147,1204
9896118675,9812061645,12/02/2026 02:55:32,226,MOC,868511166580655,404450371518421,HR-SNP-0147,1204
9896083579,9812292240,12/02/2026 02:56:33,100,MTC,862020632401499,404450105061082,HR-SNP-0147,1204
9896197410,9416198777,12/02/2026 02:58:03,189,MTC,863269426179012,404450738920648,HR-SNP-0147,1204
9812224168,9896097416,12/02/2026 03:00:03,272,MOC,865865278279169,404450344535679,HR-SNP-0147,1204
9876141850,9812024663,12/02/2026 03:00:04,36,MTC,866375691037208,404450879524067,HR-SNP-0147,1204
9896163225,9812149363,12/02/2026 03:00:20,234,MOC,863998580236607,404450119398359,HR-SNP-0147,1204
9896028289,9812156357,12/02/2026 03:00:29,88,MOC,865944578809387,404450923267499,HR-SNP-0147,1204
9812024371,9812187992,12/02/2026 03:03:14,240,MOC,868695855745611,404450198476695,HR-SNP-0147,1204
9812259672,9812233206,12/02/2026 03:03:21,42,MTC,867394762948220,404450821202394,HR-SNP-0147,1204
9416054236,9896142406,12/02/2026 03:04:07,181,MTC,864759315844880,404450199664255,HR-SNP-0147,1204
9812245697,9896170637,12/02/2026 03:05:05,202,MTC,863249760497857,404450819532005,HR-SNP-0147,1204
9896131178,9896115014,12/02/2026 03:05:08,88,MTC,861122352503575,404450267106867,HR-SNP-0147,1204
9416148752,9896029342,12/02/2026 03:06:29,59,MTC,863288409124029,404450697398528,HR-SNP-0147,1204
9416172518,9416081121,12/02/2026 03:07:28,134,MOC,866062993923213,404450114746008,HR-SNP-0147,1204
9416199065,9812096673,12/02/2026 03:08:03,165,MTC,862161081773880,404450734236627,HR-SNP-0147,1204
9812238221,9896163225,12/02/2026 03:10:16,249,MOC,868850755295309,404450224208992,HR-SNP-0147,1204
9812061173,9896029313,12/02/2026 03:10:43,239,MTC,861460005140423,404450196227496,HR-SNP-0147,1204
9896110851,9876180284,12/02/2026 03:10:53,109,MTC,861987599392247,404450815934958,HR-SNP-0147,1204
9416163424,9896192397,12/02/2026 03:14:09,186,MOC,868004010574654,404450850555192,HR-SNP-0147,1204
9416163883,9896192397,12/02/2026 03:14:26,262,MOC,862584625804542,404450937009907,HR-SNP-0147,1204
9812157052,9812022280,12/02/2026 03:15:29,265,MOC,862048229943047,404450481734198,HR-SNP-0147,1204
9812144237,9416183519,12/02/2026 03:17:10,170,MTC,867862229177754,404450965265838,HR-SNP-0147,1204
9876182063,9416198039,12/02/2026 03:17:17,130,MOC,865430367257299,404450633060309,HR-SNP-0147,1204
9896030032,9416154473,12/02/2026 03:17:27,61,MTC,861807578179167,404450448294647,HR-SNP-0147,1204
9812240311,9896099399,12/02/2026 03:18:34,297,MOC,867392375294082,404450986170931,HR-SNP-0147,1204
9876182132,9876119071,12/02/2026 03:23:11,48,MOC,866521079765465,404450479608458,HR-SNP-0147,1204
9876187236,9896115014,12/02/2026 03:23:23,152,MTC,866757352311731,404450724870012,HR-SNP-0147,1204
9876116582,9896076307,12/02/2026 03:23:24,25,MTC,868640273313499,404450268688902,HR-SNP-0147,1204
9896125129,9812096673,12/02/2026 03:25:16,252,MTC,863788821320936,404450775559969,HR-SNP-0147,1204
9812286099,9416044179,12/02/2026 03:26:01,155,MOC,867572992909308,404450733871129,HR-SNP-0147,1204
9896169929,9876167954,12/02/2026 03:26:28,155,MTC,863645155594647,404450457944766,HR-SNP-0147,1204
9812060968,9416198039,12/02/2026 03:28:23,254,MTC,865367706112182,404450107333788,HR-SNP-0147,1204
9896040495,9896194012,12/02/2026 03:29:00,73,MOC,862069337444908,404450135802499,HR-SNP-0147,1204
9896046500,9812044099,12/02/2026 03:32:33,42,MOC,869745043812657,404450738852124,HR-SNP-0147,1204
9896115695,9416191351,12/02/2026 03:34:39,115,MOC,867818086071050,404450866305263,HR-SNP-0147,1204
9416180545,9416115075,12/02/2026 03:34:59,194,MOC,864524218346807,404450458369754,HR-SNP-0147,1204
9896060328,9812269470,12/02/2026 03:35:25,114,MTC,868281313556561,404450149086585,HR-SNP-0147,1204
9896084341,9876197500,12/02/2026 03:36:19,153,MOC,867518430120911,404450333291547,HR-SNP-0147,1204
9416070946,9812044099,12/02/2026 03:36:25,172,MTC,867069564771671,404450965527175,HR-SNP-0147,1204
9812298039,9812010464,12/02/2026 03:36:28,80,MOC,869314325516637,404450847401602,HR-SNP-0147,1204
9812022097,9876133819,12/02/2026 03:36:55,181,MOC,868723218310590,404450546407987,HR-SNP-0147,1204
9416017331,9896046500,12/02/2026 03:38:51,215,MOC,865915721622281,404450850829666,HR-SNP-0147,1204
9896017592,9812290676,12/02/2026 03:38:54,251,MOC,861090784729640,404450690936560,HR-SNP-0147,1204
9812051104,9812224168,12/02/2026 03:39:35,73,MTC,862362228134571,404450820901832,HR-SNP-0147,1204
9416019508,9416094080,12/02/2026 03:40:14,146,MOC,862700986833757,404450326632925,HR-SNP-0147,1204
9416152753,9416096951,12/02/2026 03:45:02,252,MOC,862825718662013,404450381805975,HR-SNP-0147,1204
9416080798,9896142406,12/02/2026 03:48:07,100,MOC,861514474770759,404450620830707,HR-SNP-0147,1204
9896045992,9416067199,12/02/2026 03:49:03,263,MOC,861068375680053,404450785870900,HR-SNP-0147,1204
9812037110,9416180545,12/02/2026 03:50:17,115,MTC,869768201060562,404450886571603,HR-SNP-0147,1204
9812277889,9812022097,12/02/2026 03:51:43,24,MOC,868986405165201,404450774692904,HR-SNP-0147,1204
9812215482,9812238221,12/02/2026 03:51:52,54,MTC,867710618721091,404450524249629,HR-SNP-0147,1204
9896039219,9812160488,12/02/2026 03:52:07,62,MOC,862237263768139,404450713476544,HR-SNP-0147,1204
9416146265,9416019016,12/02/2026 03:52:46,167,MTC,862796454967790,404450242278314,HR-SNP-0147,1204
9812146585,9812149363,12/02/2026 03:58:37,35,MOC,865095843784164,404450156361897,HR-SNP-0147,1204
9896045774,9896046500,12/02/2026 03:58:49,31,MOC,861690352298831,404450698826833,HR-SNP-0147,1204
9812024663,9812149363,12/02/2026 03:58:55,274,MOC,863815574015551,404450455397438,HR-SNP-0147,1204
9896189276,9896084364,12/02/2026 03:58:57,293,MTC,863752448481085,404450644048929,HR-SNP-0147,1204
9896163225,9876197500,12/02/2026 04:00:17,43,MTC,862566117637143,404450489574448,HR-SNP-0147,1204
9896125129,9416197153,12/02/2026 04:01:00,263,MTC,866071088205508,404450698216060,HR-SNP-0147,1204
9896095181,9896142098,12/02/2026 04:02:11,18,MOC,863528526894450,404450412750915,HR-SNP-0147,1204
9416027146,9812061645,12/02/2026 04:04:29,23,MOC,868663260094178,404450772225892,HR-SNP-0147,1204
9812290676,9812024662,12/02/2026 04:06:05,244,MTC,864275851435231,404450115122787,HR-SNP-0147,1204
9812016572,9896062923,12/02/2026 04:06:10,264,MOC,861759877094640,404450158011705,HR-SNP-0147,1204
9416050001,9896019116,12/02/2026 04:06:31,18,MOC,862182001120234,404450208337018,HR-SNP-0147,1204
9812266333,9896161876,12/02/2026 04:06:47,226,MTC,865336554340967,404450398214359,HR-SNP-0147,1204
9876116582,9812157052,12/02/2026 04:07:22,286,MOC,866262580756184,404450618751182,HR-SNP-0147,1204
9896073993,9896072277,12/02/2026 04:07:36,255,MOC,863837215842972,404450794989306,HR-SNP-0147,1204
9416044179,9812061173,12/02/2026 04:07:50,265,MTC,865604710720952,404450932111777,HR-SNP-0147,1204
9896050857,9416180545,12/02/2026 04:07:52,88,MTC,869951965380718,404450857429971,HR-SNP-0147,1204
9896070332,9896196951,12/02/2026 04:08:05,117,MOC,867203309157035,404450387073305,HR-SNP-0147,1204
9876182309,9876182132,12/02/2026 04:08:41,243,MTC,867785342700394,404450840777094,HR-SNP-0147,1204
9896050857,9812056105,12/02/2026 04:08:54,103,MTC,862464778232646,404450546946709,HR-SNP-0147,1204
9416161049,9896093130,12/02/2026 04:09:04,111,MOC,865629021085889,404450992815061,HR-SNP-0147,1204
9896178327,9812116630,12/02/2026 04:09:54,248,MTC,867488694419229,404450280162221,HR-SNP-0147,1204
9812024662,9812253540,12/02/2026 04:10:13,65,MOC,866488662777014,404450718257024,HR-SNP-0147,1204
9812169692,9812156357,12/02/2026 04:11:16,229,MOC,869837885015578,404450756164110,HR-SNP-0147,1204
9812215482,9416138683,12/02/2026 04:12:44,67,MOC,863044155357788,404450715081202,HR-SNP-0147,1204
9896018418,9896039451,12/02/2026 04:12:57,204,MOC,865447641711303,404450609379184,HR-SNP-0147,1204
9416191351,9416027146,12/02/2026 04:14:39,255,MTC,863445393611554,404450977288628,HR-SNP-0147,1204
9896087128,9876121915,12/02/2026 04:15:28,239,MTC,863834767780432,404450409249220,HR-SNP-0147,1204
9896110851,9812160432,12/02/2026 04:15:37,285,MTC,868789757238989,404450504886868,HR-SNP-0147,1204
9812187992,9812016572,12/02/2026 04:17:01,90,MTC,861266779576022,404450768882058,HR-SNP-0147,1204
9812146585,9812241029,12/02/2026 04:17:29,69,MOC,869985678713562,404450517109257,HR-SNP-0147,1204
9812096673,9896017665,12/02/2026 04:17:37,221,MOC,867151826794703,404450701741560,HR-SNP-0147,1204
9896140735,9416019287,12/02/2026 04:18:27,42,MOC,867292438857951,404450639917068,HR-SNP-0147,1204
9876163354,9896137549,12/02/2026 04:21:45,162,MTC,863653663753513,404450247494816,HR-SNP-0147,1204
9812128136,9416022240,12/02/2026 04:23:20,205,MOC,866613699132308,404450679745130,HR-SNP-0147,1204
9812070068,9812265392,12/02/2026 04:23:35,71,MOC,864806163686472,404450893070706,HR-SNP-0147,1204
9876180284,9812114117,12/02/2026 04:23:47,244,MOC,866947313318329,404450215712585,HR-SNP-0147,1204
9896193748,9896161876,12/02/2026 04:23:54,80,MTC,864752912795141,404450920583443,HR-SNP-0147,1204
9896182512,9416067199,12/02/2026 04:24:27,187,MTC,867518306600547,404450174041730,HR-SNP-0147,1204
9876126728,9812085456,12/02/2026 04:24:51,285,MOC,867246104833574,404450449063037,HR-SNP-0147,1204
9812159615,9896084341,12/02/2026 04:26:56,264,MOC,861520269181410,404450206948323,HR-SNP-0147,1204
9896163225,9876125860,12/02/2026 04:27:14,44,MOC,869462879044736,404450715317515,HR-SNP-0147,1204
9876164496,9876126728,12/02/2026 04:29:03,229,MTC,863460118941699,404450366058599,HR-SNP-0147,1204
9896170637,9416137760,12/02/2026 04:30:25,108,MOC,864330840569880,404450905906132,HR-SNP-0147,1204
9812245697,9812144237,12/02/2026 04:31:01,229,MOC,862398526246883,404450164341850,HR-SNP-0147,1204
9812022280,9896034931,12/02/2026 04:31:25,243,MOC,864558070305101,404450839369897,HR-SNP-0147,1204
9896043386,9812233206,12/02/2026 04:32:32,12,MTC,867159987428576,404450421265286,HR-SNP-0147,1204
9896031798,9416019508,12/02/2026 04:33:10,129,MOC,861258345219311,404450629977010,HR-SNP-0147,1204
9416113248,9812142591,12/02/2026 04:35:46,197,MTC,861569371980280,404450749715626,HR-SNP-0147,1204
9896125129,9812119602,12/02/2026 04:35:56,64,MTC,869103969187289,404450439223200,HR-SNP-0147,1204
9416191351,9896130676,12/02/2026 04:36:10,97,MOC,866724827503232,404450611267257,HR-SNP-0147,1204
9896034931,9812164948,12/02/2026 04:36:18,199,MOC,861612922475085,404450814632395,HR-SNP-0147,1204
9812142591,9416155309,12/02/2026 04:40:06,155,MOC,864405480078353,404450441220048,HR-SNP-0147,1204
9416157447,9876168991,12/02/2026 04:40:28,174,MTC,865811429549012,404450527209652,HR-SNP-0147,1204
9416198777,9812128136,12/02/2026 04:41:11,167,MOC,863290118829028,404450184401435,HR-SNP-0147,1204
9896029342,9896097782,12/02/2026 04:41:53,38,MOC,863690874759020,404450426551245,HR-SNP-0147,1204
9896029313,9812096511,12/02/2026 04:44:26,120,MTC,868358092286667,404450293670676,HR-SNP-0147,1204
9876159735,9812022097,12/02/2026 04:46:17,93,MOC,861766383971679,404450541156077,HR-SNP-0147,1204
9812238221,9812023970,12/02/2026 04:48:11,150,MOC,867342183162808,404450368853440,HR-SNP-0147,1204
9896070332,9416115075,12/02/2026 04:48:45,127,MTC,862803052855293,404450210811807,HR-SNP-0147,1204
9812056105,9896097782,12/02/2026 04:49:50,287,MTC,863030275505462,404450916875967,HR-SNP-0147,1204
9812157052,9812010464,12/02/2026 04:49:53,174,MOC,867909211817271,404450625552311,HR-SNP-0147,1204
9812127601,9896118675,12/02/2026 04:49:54,237,MOC,868429693588192,404450845210115,HR-SNP-0147,1204
9812235144,9812276542,12/02/2026 04:57:23,112,MTC,864123790631111,404450527606494,HR-SNP-0147,1204
9876142914,9896095181,12/02/2026 05:00:30,161,MOC,867610606088738,404450319457073,HR-SNP-0147,1204
9896137549,9876138016,12/02/2026 05:00:48,213,MTC,865903347526876,404450368018471,HR-SNP-0147,1204
9812159615,9416080798,12/02/2026 05:02:21,256,MTC,863194089051315,404450406084084,HR-SNP-0147,1204
9896097841,9896048890,12/02/2026 05:02:37,240,MTC,866724022591029,404450195901227,HR-SNP-0147,1204
9896196951,9896157795,12/02/2026 05:02:44,113,MOC,868564018313307,404450926834891,HR-SNP-0147,1204
9896060328,9896043386,12/02/2026 05:03:12,12,MOC,865501207347284,404450331557515,HR-SNP-0147,1204
9812184668,9812238221,12/02/2026 05:03:19,147,MTC,862113023314972,404450279537578,HR-SNP-0147,1204
9812144237,9896085880,12/02/2026 05:03:23,23,MTC,869222151865951,404450962925204,HR-SNP-0147,1204
9896193886,9416188104,12/02/2026 05:03:33,166,MOC,866975822772349,404450342118734,HR-SNP-0147,1204
9416183519,9416023396,12/02/2026 05:05:23,41,MOC,864483779894743,404450984412594,HR-SNP-0147,1204
9896161876,9896084341,12/02/2026 05:05:45,104,MOC,861594955810989,404450179811669,HR-SNP-0147,1204
9416031174,9876159735,12/02/2026 05:08:47,279,MOC,863994689381964,404450164542674,HR-SNP-0147,1204
9812198501,9896192397,12/02/2026 05:09:15,135,MOC,866476389288209,404450758486006,HR-SNP-0147,1204
9416163883,9896130676,12/02/2026 05:09:27,196,MOC,866918898863756,404450424017866,HR-SNP-0147,1204
9896193886,9812184668,12/02/2026 05:10:35,222,MTC,862329086184149,404450780352629,HR-SNP-0147,1204
9896197410,9812058393,12/02/2026 05:11:46,271,MTC,867028783707916,404450586909856,HR-SNP-0147,1204
9812259672,9812269470,12/02/2026 05:13:51,186,MTC,862866428080064,404450442648079,HR-SNP-0147,1204
9876182309,9416056566,12/02/2026 05:14:16,212,MTC,865181968913016,404450152925780,HR-SNP-0147,1204
9812233206,9876142914,12/02/2026 05:14:45,15,MOC,861734968698592,404450105400747,HR-SNP-0147,1204
9896010942,9812022224,12/02/2026 05:14:55,48,MTC,866953962936432,404450769219685,HR-SNP-0147,1204
9876182063,9416127786,12/02/2026 05:15:00,163,MOC,865228670001302,404450708485104,HR-SNP-0147,1204
9812226828,9812117944,12/02/2026 05:16:07,265,MTC,863565312638628,404450902149493,HR-SNP-0147,1204
9812037110,9812299192,12/02/2026 05:16:26,225,MTC,862391875824399,404450273945628,HR-SNP-0147,1204
9876132241,9896069598,12/02/2026 05:16:34,198,MTC,861612487310520,404450893978083,HR-SNP-0147,1204
9812114117,9896045992,12/02/2026 05:16:38,101,MTC,863398195857376,404450591494788,HR-SNP-0147,1204
9896182512,9812022280,12/02/2026 05:17:06,172,MOC,864238913810739,404450441017812,HR-SNP-0147,1204
9416081121,9416085674,12/02/2026 05:17:29,112,MTC,863573761561636,404450166607238,HR-SNP-0147,1204
9416046517,9812269470,12/02/2026 05:17:54,221,MTC,868792373545143,404450900592344,HR-SNP-0147,1204
9416022240,9896115695,12/02/2026 05:18:03,45,MOC,866537665847583,404450531269332,HR-SNP-0147,1204
9812016572,9896045774,12/02/2026 05:20:32,282,MTC,868866567315517,404450310095433,HR-SNP-0147,1204
9812159823,9812156357,12/02/2026 05:21:56,92,MOC,867993857518824,404450858136646,HR-SNP-0147,1204
9416017331,9812189840,12/02/2026 05:22:21,84,MOC,865408956653436,404450957397689,HR-SNP-0147,1204
9876159735,9896028131,12/02/2026 05:22:27,96,MOC,867253884904839,404450608820219,HR-SNP-0147,1204
9416186019,9876125860,12/02/2026 05:23:26,57,MOC,865998775740355,404450293976787,HR-SNP-0147,1204
9812284847,9812156357,12/02/2026 05:24:33,37,MTC,863224246960669,404450645750195,HR-SNP-0147,1204
9896163225,9896131178,12/02/2026 05:26:38,226,MOC,866071395045350,404450355164255,HR-SNP-0147,1204
9896062923,9416019508,12/02/2026 05:26:42,100,MTC,863364377769142,404450777157408,HR-SNP-0147,1204
9896040495,9876139154,12/02/2026 05:30:10,99,MTC,869530819503448,404450294142387,HR-SNP-0147,1204
9896014207,9896039219,12/02/2026 05:30:41,121,MOC,862769082396041,404450250337960,HR-SNP-0147,1204
9812083563,9812286099,12/02/2026 05:32:57,127,MTC,869784263522691,404450691247918,HR-SNP-0147,1204
9896028131,9812253540,12/02/2026 05:33:42,178,MTC,863317316248790,404450322003929,HR-SNP-0147,1204
9812096511,9416019508,12/02/2026 05:34:31,164,MTC,862776663320982,404450811335671,HR-SNP-0147,1204
9896044970,9876139154,12/02/2026 05:35:12,200,MTC,862351897153802,404450716243819,HR-SNP-0147,1204
9812024371,9812144237,12/02/2026 05:35:18,69,MOC,866570545838313,404450716891706,HR-SNP-0147,1204
9812290676,9896186622,12/02/2026 05:35:45,210,MTC,862118369266446,404450673904893,HR-SNP-0147,1204
9416041285,9896048890,12/02/2026 05:35:53,179,MOC,862288866088216,404450158269903,HR-SNP-0147,1204
9896142098,9416161049,12/02/2026 05:36:15,74,MTC,866571571912846,404450699524216,HR-SNP-0147,1204
9812067154,9876117100,12/02/2026 05:36:36,257,MTC,866758587066422,404450253861882,HR-SNP-0147,1204
9896022363,9876161856,12/02/2026 05:36:44,47,MTC,868360249845003,404450683734594,HR-SNP-0147,1204
9812199353,9416186484,12/02/2026 05:37:01,78,MOC,863529803201835,404450874532101,HR-SNP-0147,1204
9896097782,9812119602,12/02/2026 05:37:38,106,MOC,869102100808787,404450182034227,HR-SNP-0147,1204
9416137760,9876175909,12/02/2026 05:39:13,168,MOC,868796586165762,404450772678518,HR-SNP-0147,1204
9812240311,9416022240,12/02/2026 05:40:11,10,MOC,866043768579984,404450603797467,HR-SNP-0147,1204
9896170637,9876139154,12/02/2026 05:42:38,70,MTC,863126482701732,404450496839906,HR-SNP-0147,1204
9876132241,9416180545,12/02/2026 05:43:46,127,MTC,866810279744107,404450873368624,HR-SNP-0147,1204
9876139154,9812253540,12/02/2026 05:43:52,176,MOC,861927211894438,404450267052653,HR-SNP-0147,1204
9416074042,9416131632,12/02/2026 05:43:53,149,MTC,868458906230905,404450621475287,HR-SNP-0147,1204
9812188193,9896142406,12/02/2026 05:45:01,159,MOC,868234844439482,404450918041802,HR-SNP-0147,1204
9876197500,9896069598,12/02/2026 05:45:02,254,MOC,866649115702296,404450406462391,HR-SNP-0147,1204
9896140735,9896039219,12/02/2026 05:45:33,190,MTC,866712292975882,404450499130788,HR-SNP-0147,1204
9812049829,9896097782,12/02/2026 05:46:29,26,MOC,868573477902579,404450222373596,HR-SNP-0147,1204
9416037869,9896163225,12/02/2026 05:47:46,210,MTC,867877923530969,404450177119592,HR-SNP-0147,1204
9876192149,9896097782,12/02/2026 05:48:55,169,MOC,866192360492805,404450494647257,HR-SNP-0147,1204
9896031798,9812266333,12/02/2026 05:50:02,218,MOC,869287103714436,404450891285408,HR-SNP-0147,1204
9416117685,9812189840,12/02/2026 05:53:50,41,MTC,866851414440345,404450164487484,HR-SNP-0147,1204
9416199065,9896097841,12/02/2026 05:55:45,75,MTC,869051823081123,404450238926282,HR-SNP-0147,1204
9876168991,9876187236,12/02/2026 05:55:57,155,MOC,866248968017310,404450627040908,HR-SNP-0147,1204
9416091678,9812114117,12/02/2026 05:56:50,140,MTC,868911743372692,404450899500884,HR-SNP-0147,1204
9896030032,9416094080,12/02/2026 05:58:59,211,MOC,863657044863388,404450716926164,HR-SNP-0147,1204
9812024371,9812277889,12/02/2026 05:59:42,125,MTC,865406975146409,404450310777576,HR-SNP-0147,1204
9876138080,9812022280,12/02/2026 06:04:34,140,MOC,865016289775819,404450895406424,HR-SNP-0147,1204
9812099166,9812070068,12/02/2026 06:05:11,74,MOC,862376207916076,404450833500385,HR-SNP-0147,1204
9896062227,9896034931,12/02/2026 06:06:30,226,MTC,863743454703576,404450980042882,HR-SNP-0147,1204
9812037110,9416067422,12/02/2026 06:06:45,222,MOC,866754464289189,404450446474552,HR-SNP-0147,1204
9896099399,9812187992,12/02/2026 06:07:39,298,MOC,861072892584460,404450664804742,HR-SNP-0147,1204
9416091678,9812280010,12/02/2026 06:09:37,102,MOC,862029560786604,404450420001194,HR-SNP-0147,1204
9416054236,9876130861,12/02/2026 06:10:15,132,MOC,863770149305861,404450193246752,HR-SNP-0147,1204
9896193886,9896169429,12/02/2026 06:11:14,127,MOC,869605060473743,404450332403478,HR-SNP-0147,1204
9812298039,9896182512,12/02/2026 06:13:19,86,MOC,863546352186457,404450292056726,HR-SNP-0147,1204
9416157447,9896169429,12/02/2026 06:14:29,100,MOC,869596820987561,404450128817630,HR-SNP-0147,1204
9876159735,9416138893,12/02/2026 06:16:49,247,MTC,868832530833819,404450494410130,HR-SNP-0147,1204
9416062581,9812156357,12/02/2026 06:16:58,234,MTC,863794347836695,404450490732457,HR-SNP-0147,1204
9812022097,9416119171,12/02/2026 06:19:01,100,MTC,868896638686542,404450831361497,HR-SNP-0147,1204
9896166985,9416119171,12/02/2026 06:19:43,90,MOC,868925969230733,404450840206617,HR-SNP-0147,1204
9416046517,9876192149,12/02/2026 06:19:50,241,MOC,869126484966000,404450209422179,HR-SNP-0147,1204
9876132241,9896099399,12/02/2026 06:20:19,124,MOC,864538989196695,404450950474042,HR-SNP-0147,1204
9416163883,9416044179,12/02/2026 06:21:12,77,MOC,865186684433979,404450732276010,HR-SNP-0147,1204
9876197500,9896098184,12/02/2026 06:22:23,64,MOC,866177596686811,404450465035599,HR-SNP-0147,1204
9896170637,9416113248,12/02/2026 06:22:53,297,MOC,865197621560222,404450679427414,HR-SNP-0147,1204
9416054236,9876182063,12/02/2026 06:24:01,263,MOC,866093513555972,404450140229006,HR-SNP-0147,1204
9812169692,9416155309,12/02/2026 06:24:39,20,MOC,866953301280532,404450325740666,HR-SNP-0147,1204
9812144237,9812266333,12/02/2026 06:24:42,193,MOC,864315492996931,404450998396384,HR-SNP-0147,1204
9896031798,9896084341,12/02/2026 06:26:50,176,MTC,865341729125753,404450559084418,HR-SNP-0147,1204
9416013617,9896192397,12/02/2026 06:28:13,210,MOC,864885276297646,404450786815488,HR-SNP-0147,1204
9812159615,9896169929,12/02/2026 06:28:50,46,MOC,865552283024005,404450537692362,HR-SNP-0147,1204
9416080798,9416180545,12/02/2026 06:32:25,273,MTC,868630410518615,404450259524021,HR-SNP-0147,1204
9416197153,9896019880,12/02/2026 06:33:11,201,MTC,867607281035732,404450186167773,HR-SNP-0147,1204
9812113278,9876117100,12/02/2026 06:33:48,258,MOC,863723600104380,404450182855381,HR-SNP-0147,1204
9812061645,9812016572,12/02/2026 06:35:49,127,MOC,868057199473504,404450141195640,HR-SNP-0147,1204
9896142098,9812184668,12/02/2026 06:37:59,65,MTC,863845155372627,404450250188999,HR-SNP-0147,1204
9812159823,9416138893,12/02/2026 06:39:03,88,MTC,868168094966093,404450828650400,HR-SNP-0147,1204
9416130028,9812160488,12/02/2026 06:44:20,64,MTC,861315827740092,404450106278247,HR-SNP-0147,1204
9896034931,9416161049,12/02/2026 06:44:25,102,MTC,867678593834228,404450555365152,HR-SNP-0147,1204
9416031174,9876133819,12/02/2026 06:45:19,132,MTC,862115493216394,404450806832877,HR-SNP-0147,1204
9876182309,9876128373,12/02/2026 06:46:41,14,MOC,869656209389740,404450312111726,HR-SNP-0147,1204
9416192544,9812085456,12/02/2026 06:47:12,259,MOC,868924688130792,404450708910536,HR-SNP-0147,1204
9812085456,9416114165,12/02/2026 06:47:51,207,MTC,865098283101062,404450412572176,HR-SNP-0147,1204
9896028289,9896018418,12/02/2026 06:50:22,117,MTC,861530679488232,404450502331243,HR-SNP-0147,1204
9812024663,9876187236,12/02/2026 06:51:38,19,MOC,863310627463323,404450326763783,HR-SNP-0147,1204
9812159615,9416197806,12/02/2026 06:55:21,59,MOC,861586008873464,404450722312633,HR-SNP-0147,1204
9416019287,9896025906,12/02/2026 06:55:28,283,MTC,861745645808838,404450752162382,HR-SNP-0147,1204
9812198696,9876128726,12/02/2026 06:57:29,34,MTC,863187311810073,404450958287383,HR-SNP-0147,1204
9416046421,9812154313,12/02/2026 06:59:15,168,MTC,868675069162117,404450553139585,HR-SNP-0147,1204
9896060328,9876120155,12/02/2026 06:59:53,234,MOC,864863355878909,404450730993734,HR-SNP-0147,1204
9416080798,9416198777,12/02/2026 07:00:27,114,MOC,864054115851046,404450736332312,HR-SNP-0147,1204
9876130861,9896045992,12/02/2026 07:00:39,60,MOC,868489184469258,404450989528128,HR-SNP-0147,1204
9896039451,9416019508,12/02/2026 07:01:36,123,MOC,865946764751090,404450830739665,HR-SNP-0147,1204
9812224168,9896043386,12/02/2026 07:02:43,100,MOC,863098150995885,404450505013519,HR-SNP-0147,1204
9876130289,9812187397,12/02/2026 07:04:09,113,MTC,861563187086174,404450843255395,HR-SNP-0147,1204
9812298039,9416131632,12/02/2026 07:05:08,22,MOC,864462817314386,404450276610744,HR-SNP-0147,1204
9416199065,9896125129,12/02/2026 07:06:10,268,MOC,869757987476890,404450955579783,HR-SNP-0147,1204
9416163424,9416050001,12/02/2026 07:08:57,272,MOC,863093663766495,404450371670077,HR-SNP-0147,1204
9812286099,9812159615,12/02/2026 07:09:35,164,MTC,861147150456279,404450926862906,HR-SNP-0147,1204
9812154313,9896025906,12/02/2026 07:11:32,100,MOC,866017823609346,404450718928228,HR-SNP-0147,1204
9896083579,9876181200,12/02/2026 07:12:47,110,MOC,862259466153143,404450385891368,HR-SNP-0147,1204
9896097416,9896047930,12/02/2026 07:14:27,297,MOC,865350972606118,404450668455421,HR-SNP-0147,1204
9896072277,9812182512,12/02/2026 07:14:43,70,MTC,866712853828511,404450906476640,HR-SNP-0147,1204
9812022280,9896084364,12/02/2026 07:15:47,61,MTC,866340764881999,404450352027504,HR-SNP-0147,1204
9896084341,9896040495,12/02/2026 07:16:38,208,MTC,868441461800548,404450196875511,HR-SNP-0147,1204
9876119071,9896010942,12/02/2026 07:17:34,244,MOC,864172759637071,404450936381727,HR-SNP-0147,1204
9812070068,9812198696,12/02/2026 07:18:08,151,MTC,868760030031894,404450820613955,HR-SNP-0147,1204
9416089131,9812157052,12/02/2026 07:18:30,26,MTC,865819808476075,404450495514868,HR-SNP-0147,1204
9416191351,9896154020,12/02/2026 07:18:39,197,MTC,863894079842969,404450375919523,HR-SNP-0147,1204
9416114165,9876117100,12/02/2026 07:19:40,106,MTC,869224784732816,404450743989866,HR-SNP-0147,1204
9416188172,9876117100,12/02/2026 07:20:07,100,MTC,861382507880264,404450258604568,HR-SNP-0147,1204
9416019287,9416199065,12/02/2026 07:20:38,238,MOC,868025813084361,404450749451237,HR-SNP-0147,1204
9896118675,9812198696,12/02/2026 07:20:39,109,MOC,865074628815370,404450760555221,HR-SNP-0147,1204
9812157052,9876142914,12/02/2026 07:20:43,132,MOC,861279565375975,404450552778389,HR-SNP-0147,1204
9416017331,9812159797,12/02/2026 07:23:09,16,MTC,861102252238764,404450752817769,HR-SNP-0147,1204
9896045774,9812142591,12/02/2026 07:23:28,212,MOC,868474557350910,404450504889751,HR-SNP-0147,1204
9812022224,9896142098,12/02/2026 07:23:54,177,MTC,862162403497782,404450433041955,HR-SNP-0147,1204
9896125129,9416037869,12/02/2026 07:26:13,160,MTC,869337098574759,404450472266552,HR-SNP-0147,1204
9876182063,9812146585,12/02/2026 07:26:46,292,MTC,865981197902846,404450508732434,HR-SNP-0147,1204
9896161116,9896039219,12/02/2026 07:28:08,186,MTC,864473663894245,404450423766892,HR-SNP-0147,1204
9812087110,9812060968,12/02/2026 07:28:43,189,MOC,863560190402608,404450901224008,HR-SNP-0147,1204
9812266333,9812235144,12/02/2026 07:29:17,165,MTC,867059834288893,404450195871622,HR-SNP-0147,1204
9812154313,9896194012,12/02/2026 07:29:36,237,MOC,866637603513972,404450531427170,HR-SNP-0147,1204
9812096511,9416091678,12/02/2026 07:31:23,189,MTC,866691554842476,404450855971970,HR-SNP-0147,1204
9896118675,9876130861,12/02/2026 07:31:43,208,MTC,869001171463968,404450149861842,HR-SNP-0147,1204
9896125129,9896076307,12/02/2026 07:31:55,188,MTC,868705590616761,404450875235090,HR-SNP-0147,1204
9896169929,9416070946,12/02/2026 07:37:31,19,MTC,865590808535043,404450483372937,HR-SNP-0147,1204
9812157052,9416113248,12/02/2026 07:38:04,189,MTC,862901755770029,404450873538202,HR-SNP-0147,1204
9812116630,9812083563,12/02/2026 07:38:15,14,MTC,862793473898210,404450828338194,HR-SNP-0147,1204
9812127601,9416080798,12/02/2026 07:40:06,101,MTC,867892251682508,404450421158083,HR-SNP-0147,1204
9896190173,9896018418,12/02/2026 07:40:32,25,MTC,866096174450500,404450789242701,HR-SNP-0147,1204
9896087128,9812184668,12/02/2026 07:42:48,175,MTC,863295994742166,404450707890457,HR-SNP-0147,1204
9876128373,9812160488,12/02/2026 07:43:23,184,MTC,864362736323263,404450191926217,HR-SNP-0147,1204
9416022240,9812088504,12/02/2026 07:43:52,154,MTC,862193099804860,404450430468261,HR-SNP-0147,1204
9812061173,9812087110,12/02/2026 07:44:23,40,MOC,865562079407434,404450538937500,HR-SNP-0147,1204
9416054236,9896166985,12/02/2026 07:44:47,143,MTC,867434499383220,404450521441892,HR-SNP-0147,1204
9896199593,9896099733,12/02/2026 07:44:47,154,MOC,866287405110870,404450196330859,HR-SNP-0147,1204
9896115014,9812128136,12/02/2026 07:48:06,218,MOC,863174603275283,404450600258136,HR-SNP-0147,1204
9812119602,9812127601,12/02/2026 07:48:12,115,MTC,868205458701690,404450651131533,HR-SNP-0147,1204
9812061173,9812188193,12/02/2026 07:49:04,153,MTC,863615134392291,404450137204552,HR-SNP-0147,1204
9896040495,9416127786,12/02/2026 07:49:13,199,MTC,868335689347753,404450984561220,HR-SNP-0147,1204
9896197410,9876127477,12/02/2026 07:50:00,34,MOC,869707107125252,404450741580895,HR-SNP-0147,1204
9896087128,9812217455,12/02/2026 07:51:13,202,MOC,863685785404947,404450988934422,HR-SNP-0147,1204
9416183519,9416181810,12/02/2026 07:53:40,54,MOC,865454672489491,404450416290643,HR-SNP-0147,1204
9812070068,9812196374,12/02/2026 07:54:03,97,MOC,869352456212681,404450493486679,HR-SNP-0147,1204
9876119071,9896019880,12/02/2026 07:54:28,169,MTC,867536931477581,404450597877404,HR-SNP-0147,1204
9896192397,9812184668,12/02/2026 07:57:28,103,MOC,865128321132731,404450889660946,HR-SNP-0147,1204
9812198501,9812159615,12/02/2026 07:59:20,108,MOC,861996827297502,404450737951442,HR-SNP-0147,1204
9812060968,9896125129,12/02/2026 08:00:31,44,MOC,868097592524861,404450198725784,HR-SNP-0147,1204
9896040495,9876128726,12/02/2026 08:01:24,57,MTC,864434433286389,404450726454737,HR-SNP-0147,1204
9416096951,9812088504,12/02/2026 08:01:51,228,MTC,868072429865729,404450448144622,HR-SNP-0147,1204
9812117944,9416192544,12/02/2026 08:02:28,254,MOC,868315934011562,404450853703117,HR-SNP-0147,1204
9416096951,9896054942,12/02/2026 08:03:36,164,MTC,863457222412649,404450148690765,HR-SNP-0147,1204
9416017331,9876117100,12/02/2026 08:04:25,191,MTC,861803615534873,404450276260482,HR-SNP-0147,1204
9876139154,9416130028,12/02/2026 08:04:28,29,MTC,868724474494226,404450111500207,HR-SNP-0147,1204
9896044970,9876125860,12/02/2026 08:05:03,23,MTC,867970960658012,404450639026034,HR-SNP-0147,1204
9876161856,9416157447,12/02/2026 08:05:28,73,MOC,866393944251567,404450732248231,HR-SNP-0147,1204
9896140735,9896069598,12/02/2026 08:05:46,193,MTC,863992928286045,404450806108387,HR-SNP-0147,1204
9812129536,9896057739,12/02/2026 08:07:13,119,MOC,866831769527263,404450966800964,HR-SNP-0147,1204
9812215482,9416192544,12/02/2026 08:07:50,247,MOC,867401205450329,404450639198004,HR-SNP-0147,1204
9812244741,9896019880,12/02/2026 08:07:53,179,MTC,869157405835059,404450226466892,HR-SNP-0147,1204
9812091183,9812067154,12/02/2026 08:10:24,146,MTC,869696219755497,404450510248318,HR-SNP-0147,1204
9416070946,9812191959,12/02/2026 08:10:32,225,MTC,861091552562136,404450520755279,HR-SNP-0147,1204
9812016572,9812182512,12/02/2026 08:11:07,82,MOC,863916538937423,404450951078441,HR-SNP-0147,1204
9812235144,9416199065,12/02/2026 08:12:17,247,MOC,868260910159517,404450547221915,HR-SNP-0147,1204
9876182063,9896169929,12/02/2026 08:12:52,197,MOC,867944063103524,404450114945047,HR-SNP-0147,1204
9416181810,9896176244,12/02/2026 08:15:13,124,MTC,862832531488102,404450858496505,HR-SNP-0147,1204
9876130861,9812056105,12/02/2026 08:16:57,164,MOC,865823791943084,404450148872110,HR-SNP-0147,1204
9812156357,9896048890,12/02/2026 08:21:43,187,MOC,864316898659093,404450878488534,HR-SNP-0147,1204
9812058393,9416054236,12/02/2026 08:22:09,250,MTC,868677112878223,404450224579869,HR-SNP-0147,1204
9896125129,9896017592,12/02/2026 08:25:40,200,MTC,869890992802822,404450243359401,HR-SNP-0147,1204
9896125129,9812298039,12/02/2026 08:27:32,220,MTC,866741455692382,404450621997861,HR-SNP-0147,1204
9812113278,9416161049,12/02/2026 08:27:43,192,MTC,861262738703989,404450531793991,HR-SNP-0147,1204
9416134050,9812198501,12/02/2026 08:27:56,288,MTC,864325411951057,404450105872776,HR-SNP-0147,1204
9812117944,9416031319,12/02/2026 08:28:11,279,MTC,866832568523557,404450759422189,HR-SNP-0147,1204
9812215482,9812078146,12/02/2026 08:28:24,10,MOC,869177720754111,404450771583357,HR-SNP-0147,1204
9416115075,9416054236,12/02/2026 08:28:58,82,MTC,861337815634119,404450605968226,HR-SNP-0147,1204
9896028289,9416146265,12/02/2026 08:31:30,58,MOC,869388987766059,404450183686071,HR-SNP-0147,1204
9896029342,9876180284,12/02/2026 08:33:54,172,MTC,867710482813323,404450567281753,HR-SNP-0147,1204
9896022363,9812116630,12/02/2026 08:35:25,83,MOC,864763143633119,404450394792954,HR-SNP-0147,1204
9812097538,9876126728,12/02/2026 08:37:37,229,MOC,863450777707968,404450942725534,HR-SNP-0147,1204
9896190173,9876164496,12/02/2026 08:41:41,129,MTC,866596529850410,404450899621068,HR-SNP-0147,1204
9876130861,9876182132,12/02/2026 08:43:25,203,MOC,867266251220910,404450454608877,HR-SNP-0147,1204
9416089131,9876187236,12/02/2026 08:44:57,173,MOC,861449774486530,404450803731001,HR-SNP-0147,1204
9812149363,9416062581,12/02/2026 08:45:03,174,MTC,862996923516490,404450514331133,HR-SNP-0147,1204
9812021003,9812235144,12/02/2026 08:45:07,232,MTC,865696170663889,404450984452639,HR-SNP-0147,1204
9896093130,9896197410,12/02/2026 08:46:07,83,MOC,869084219275445,404450374154962,HR-SNP-0147,1204
9416157447,9896196951,12/02/2026 08:46:45,180,MOC,867197828228450,404450686277792,HR-SNP-0147,1204
9812182512,9896140735,12/02/2026 08:46:49,38,MOC,867242255743120,404450286521875,HR-SNP-0147,1204
9876197500,9896084341,12/02/2026 08:47:16,294,MOC,869378152371743,404450793532952,HR-SNP-0147,1204
9896057739,9416183519,12/02/2026 08:48:06,146,MTC,863479260933294,404450203950725,HR-SNP-0147,1204
9896097841,9896189276,12/02/2026 08:48:17,44,MOC,861248091244063,404450667836278,HR-SNP-0147,1204
9812182357,9812096511,12/02/2026 08:48:47,127,MOC,865393042618588,404450998007554,HR-SNP-0147,1204
9812096511,9896154020,12/02/2026 08:49:13,37,MOC,867712487159136,404450659926223,HR-SNP-0147,1204
9812241029,9896196951,12/02/2026 08:51:31,198,MTC,868483309456386,404450900942073,HR-SNP-0147,1204
9896163225,9812023970,12/02/2026 08:52:22,256,MTC,866991763103182,404450323594003,HR-SNP-0147,1204
9812226828,9896095181,12/02/2026 08:56:56,220,MTC,862542155162368,404450400407178,HR-SNP-0147,1204
9416117685,9416134050,12/02/2026 08:58:23,147,MOC,866572245996573,404450487298927,HR-SNP-0147,1204
9896130676,9812286099,12/02/2026 08:59:14,261,MTC,866064157725020,404450793958412,HR-SNP-0147,1204
9876138080,9896045774,12/02/2026 09:02:57,253,MTC,864305665510077,404450103359850,HR-SNP-0147,1204
9876167954,9896039219,12/02/2026 09:03:52,136,MOC,869105458758597,404450889546822,HR-SNP-0147,1204
9812127601,9896060328,12/02/2026 09:06:26,212,MTC,867409376624713,404450559928150,HR-SNP-0147,1204
9416044179,9416146265,12/02/2026 09:06:57,127,MOC,864082739701132,404450605196410,HR-SNP-0147,1204
9896040495,9416031174,12/02/2026 09:07:27,264,MOC,865687486435191,404450262787284,HR-SNP-0147,1204
9416173653,9416197153,12/02/2026 09:07:28,177,MTC,869115275247201,404450173269109,HR-SNP-0147,1204
9896115014,9896045992,12/02/2026 09:08:54,290,MOC,861330200936475,404450774142288,HR-SNP-0147,1204
9812088504,9896039219,12/02/2026 09:09:04,125,MTC,864455745233314,404450933381221,HR-SNP-0147,1204
9812156357,9896087128,12/02/2026 09:09:51,110,MTC,863379871324829,404450427124037,HR-SNP-0147,1204
9812277889,9416173654,12/02/2026 09:11:23,216,MOC,869128408545773,404450543721204,HR-SNP-0147,1204
9812078146,9416173653,12/02/2026 09:12:08,102,MOC,862286556013040,404450412085927,HR-SNP-0147,1204
9416017331,9812116630,12/02/2026 09:15:53,47,MOC,867062018621077,404450852032540,HR-SNP-0147,1204
9812164948,9876163354,12/02/2026 09:17:00,93,MTC,862466542644030,404450372923040,HR-SNP-0147,1204
9416019016,9812290676,12/02/2026 09:17:06,248,MOC,863701705972727,404450446421355,HR-SNP-0147,1204
9812215482,9812284847,12/02/2026 09:18:12,71,MOC,864089931135034,404450238712095,HR-SNP-0147,1204
9896140735,9416070946,12/02/2026 09:18:47,34,MOC,861846193347582,404450840613153,HR-SNP-0147,1204
9896154020,9812196374,12/02/2026 09:20:32,22,MTC,868840500317945,404450622702576,HR-SNP-0147,1204
9416050306,9416137760,12/02/2026 09:20:55,73,MTC,864017405338622,404450554247901,HR-SNP-0147,1204
9896069598,9416186019,12/02/2026 09:22:48,79,MTC,866857011616470,404450340310093,HR-SNP-0147,1204
9876168991,9416046517,12/02/2026 09:22:55,294,MTC,863668143561142,404450466990085,HR-SNP-0147,1204
9812182357,9812056105,12/02/2026 09:24:08,235,MOC,864530156397796,404450755306663,HR-SNP-0147,1204
9416146265,9812198501,12/02/2026 09:25:04,24,MTC,863864956436060,404450714457408,HR-SNP-0147,1204
9812061173,9896163225,12/02/2026 09:27:20,144,MOC,869290443980826,404450758293983,HR-SNP-0147,1204
9896040495,9812113278,12/02/2026 09:28:37,156,MTC,863156933342020,404450245737277,HR-SNP-0147,1204
9876164496,9812142591,12/02/2026 09:29:42,238,MTC,866802303397970,404450424211872,HR-SNP-0147,1204
9812265392,9876180284,12/02/2026 09:30:09,177,MTC,865782243180610,404450350838144,HR-SNP-0147,1204
9812049829,9876116582,12/02/2026 09:32:21,293,MOC,864445330601000,404450123076889,HR-SNP-0147,1204
9812010464,9896137549,12/02/2026 09:33:43,232,MOC,868897574306308,404450510173769,HR-SNP-0147,1204
9812127601,9812184668,12/02/2026 09:35:25,298,MOC,862507948855506,404450817411121,HR-SNP-0147,1204
9896142098,9416186019,12/02/2026 09:37:44,242,MTC,865611387590360,404450727666622,HR-SNP-0147,1204
9876141850,9896017665,12/02/2026 09:41:08,194,MOC,863427636556505,404450960892562,HR-SNP-0147,1204
9896186622,9812134356,12/02/2026 09:42:59,128,MOC,861458218798941,404450485753927,HR-SNP-0147,1204
9416046421,9812056898,12/02/2026 09:44:15,149,MTC,866978257482247,404450476908532,HR-SNP-0147,1204
9416180545,9416046517,12/02/2026 09:47:08,181,MTC,865625954105896,404450864851260,HR-SNP-0147,1204
9416019016,9812286099,12/02/2026 09:48:21,32,MTC,863274482216454,404450326953436,HR-SNP-0147,1204
9896157795,9896193748,12/02/2026 09:49:22,116,MOC,861966076628648,404450652694084,HR-SNP-0147,1204
9812182512,9416154473,12/02/2026 09:50:33,140,MTC,864430693162878,404450658294552,HR-SNP-0147,1204
9812056898,9416044179,12/02/2026 09:50:47,173,MOC,862027703780365,404450968285490,HR-SNP-0147,1204
9896127361,9896044970,12/02/2026 09:51:54,220,MOC,864070635713560,404450755560172,HR-SNP-0147,1204
9876130861,9416163424,12/02/2026 09:52:42,19,MTC,867801722429202,404450348215410,HR-SNP-0147,1204
9812198501,9896139444,12/02/2026 09:53:54,147,MTC,864208634620563,404450246698943,HR-SNP-0147,1204
9876130861,9896019116,12/02/2026 09:55:40,192,MOC,866129435874334,404450668666911,HR-SNP-0147,1204
9896017665,9896076307,12/02/2026 09:57:19,251,MOC,867748014854529,404450304666325,HR-SNP-0147,1204
9812021003,9812061645,12/02/2026 09:58:08,64,MOC,861460354980840,404450918671750,HR-SNP-0147,1204
9416183519,9896118675,12/02/2026 09:58:39,248,MTC,861767764152140,404450874404381,HR-SNP-0147,1204
9812127601,9896142406,12/02/2026 10:00:26,157,MOC,869047826999018,404450707362554,HR-SNP-0147,1204
9896028289,9896125129,12/02/2026 10:02:33,127,MTC,868152433353995,404450927402258,HR-SNP-0147,1204
9876182132,9876127477,12/02/2026 10:02:48,212,MTC,864524390377870,404450655921993,HR-SNP-0147,1204
9896199593,9416181810,12/02/2026 10:03:09,212,MOC,863725569977935,404450498786278,HR-SNP-0147,1204
9812280010,9812189840,12/02/2026 10:04:00,143,MTC,863637918920151,404450655439758,HR-SNP-0147,1204
9812127601,9812078146,12/02/2026 10:04:03,242,MTC,861084073584200,404450380362052,HR-SNP-0147,1204
9416096951,9876119071,12/02/2026 10:04:36,25,MOC,869536152569643,404450822418424,HR-SNP-0147,1204
9416137760,9812157052,12/02/2026 10:05:03,293,MTC,861471117007449,404450806957378,HR-SNP-0147,1204
9896085880,9416113248,12/02/2026 10:05:36,195,MTC,868673240715008,404450376930400,HR-SNP-0147,1204
9896194012,9876125860,12/02/2026 10:05:57,190,MOC,869808355746890,404450938379910,HR-SNP-0147,1204
9896165444,9812051104,12/02/2026 10:06:49,31,MTC,861351252019355,404450159407206,HR-SNP-0147,1204
9876138080,9416067422,12/02/2026 10:08:18,44,MOC,866306050258028,404450924145310,HR-SNP-0147,1204
9896161116,9896178327,12/02/2026 10:12:30,26,MOC,861276228608421,404450322434334,HR-SNP-0147,1204
9812188193,9812160432,12/02/2026 10:13:48,17,MOC,864073495010412,404450735408331,HR-SNP-0147,1204
9876141850,9896077000,12/02/2026 10:14:46,220,MTC,862800291501876,404450333942807,HR-SNP-0147,1204
9812233206,9812144237,12/02/2026 10:15:00,59,MOC,863703643035977,404450158524142,HR-SNP-0147,1204
9812169692,9812182357,12/02/2026 10:18:04,274,MTC,866549806346551,404450891207316,HR-SNP-0147,1204
9896083579,9896130676,12/02/2026 10:18:46,167,MOC,867950204204415,404450743520276,HR-SNP-0147,1204
9812087110,9812187397,12/02/2026 10:20:27,37,MTC,862168266899549,404450517304549,HR-SNP-0147,1204
9896192397,9416198039,12/02/2026 10:21:35,203,MOC,866764298057439,404450654535921,HR-SNP-0147,1204
9876120155,9876126728,12/02/2026 10:21:50,167,MTC,864792832355635,404450881526591,HR-SNP-0147,1204
9896050857,9812037110,12/02/2026 10:24:36,226,MTC,869152458842306,404450991091361,HR-SNP-0147,1204
9416027146,9896097782,12/02/2026 10:26:17,230,MOC,865239772230997,404450306085476,HR-SNP-0147,1204
9812024371,9812160432,12/02/2026 10:27:04,130,MTC,862998184071165,404450261020740,HR-SNP-0147,1204
9896028131,9812266333,12/02/2026 10:27:23,142,MTC,863284609521428,404450759588843,HR-SNP-0147,1204
9896018418,9812056105,12/02/2026 10:28:28,261,MOC,863096066200441,404450921110081,HR-SNP-0147,1204
9416127786,9416163424,12/02/2026 10:29:58,94,MTC,869728009003254,404450261596070,HR-SNP-0147,1204
9812096673,9896084341,12/02/2026 10:31:21,172,MTC,866060645965864,404450230861323,HR-SNP-0147,1204
9812037110,9416013617,12/02/2026 10:31:53,40,MTC,867690184648180,404450477332115,HR-SNP-0147,1204
9416163883,9896046500,12/02/2026 10:32:38,241,MTC,864304942957432,404450444288576,HR-SNP-0147,1204
9812215482,9896192397,12/02/2026 10:39:17,146,MOC,863231905079694,404450853150998,HR-SNP-0147,1204
9812182357,9812113278,12/02/2026 10:41:16,11,MTC,862011414403043,404450481977286,HR-SNP-0147,1204
9896093130,9896084364,12/02/2026 10:41:18,268,MTC,867045348739446,404450969174243,HR-SNP-0147,1204
9812215482,9812037110,12/02/2026 10:43:37,28,MTC,865580856237559,404450165946817,HR-SNP-0147,1204
9812091183,9896157795,12/02/2026 10:44:45,26,MTC,868962070615464,404450210037068,HR-SNP-0147,1204
9812241029,9896040495,12/02/2026 10:45:51,228,MOC,868811213061418,404450477470703,HR-SNP-0147,1204
9812169692,9896157795,12/02/2026 10:45:55,197,MTC,869901912538373,404450506994931,HR-SNP-0147,1204
9812146585,9416146265,12/02/2026 10:46:10,18,MTC,866362992671472,404450273734464,HR-SNP-0147,1204
9416155309,9896098184,12/02/2026 10:46:11,286,MOC,866925602865627,404450922816526,HR-SNP-0147,1204
9812259672,9896045992,12/02/2026 10:50:14,240,MTC,864293423898067,404450326632940,HR-SNP-0147,1204
9896025906,9812159615,12/02/2026 10:53:31,243,MTC,862874681103877,404450354697684,HR-SNP-0147,1204
9812277889,9876138080,12/02/2026 10:53:50,204,MOC,868519450251542,404450691063829,HR-SNP-0147,1204
9812196374,9876121915,12/02/2026 10:54:13,216,MTC,869302222853426,404450802324900,HR-SNP-0147,1204
9896098184,9896165444,12/02/2026 10:55:59,175,MOC,867005795718930,404450525254727,HR-SNP-0147,1204
9416148752,9896190173,12/02/2026 10:56:02,214,MOC,862360363313809,404450876938677,HR-SNP-0147,1204
9812157052,9896127361,12/02/2026 10:56:16,228,MTC,861839960464920,404450691625661,HR-SNP-0147,1204
9416183519,9416070946,12/02/2026 10:57:53,132,MTC,869042853729128,404450167438668,HR-SNP-0147,1204
9812096511,9896118675,12/02/2026 10:58:58,270,MOC,867892339506770,404450417335858,HR-SNP-0147,1204
9896097841,9812235144,12/02/2026 10:59:24,231,MTC,868289418825417,404450531967365,HR-SNP-0147,1204
9896076307,9812154313,12/02/2026 10:59:57,217,MTC,862281848211445,404450839393192,HR-SNP-0147,1204
9896097416,9896139444,12/02/2026 11:00:13,205,MTC,868240172113874,404450907950191,HR-SNP-0147,1204
9416152906,9416127786,12/02/2026 11:01:23,276,MTC,869198202356262,404450316822569,HR-SNP-0147,1204
9812188193,9416085674,12/02/2026 11:01:32,190,MOC,869123116348296,404450585238820,HR-SNP-0147,1204
9812024663,9896084364,12/02/2026 11:02:01,230,MOC,869574425810801,404450920350718,HR-SNP-0147,1204
9416024621,9812099166,12/02/2026 11:02:20,107,MOC,869425670693316,404450360482447,HR-SNP-0147,1204
9812292240,9896084341,12/02/2026 11:06:08,211,MOC,867098932468425,404450834773724,HR-SNP-0147,1204
9896046500,9812146585,12/02/2026 11:06:27,199,MTC,864013610655812,404450665783275,HR-SNP-0147,1204
9812188193,9896022363,12/02/2026 11:07:18,202,MTC,865434377630953,404450334300190,HR-SNP-0147,1204
9812044099,9812164948,12/02/2026 11:09:33,126,MTC,861832560141878,404450259277073,HR-SNP-0147,1204
9896189276,9812199353,12/02/2026 11:12:00,234,MOC,869801557277989,404450679800791,HR-SNP-0147,1204
9416019287,9812040007,12/02/2026 11:13:04,261,MOC,862228776702999,404450930800901,HR-SNP-0147,1204
9812265392,9416050001,12/02/2026 11:13:28,149,MTC,869740631241015,404450355166423,HR-SNP-0147,1204
9896039451,9416080798,12/02/2026 11:13:33,12,MOC,867639041946697,404450923682643,HR-SNP-0147,1204
9896093130,9416037869,12/02/2026 11:14:02,56,MTC,869042349645548,404450358480413,HR-SNP-0147,1204
9896182512,9896045774,12/02/2026 11:16:34,182,MTC,863334768745127,404450918138906,HR-SNP-0147,1204
9896098184,9876187236,12/02/2026 11:19:40,79,MOC,864389475392817,404450994351711,HR-SNP-0147,1204
9896039451,9812127601,12/02/2026 11:21:36,293,MTC,868528456470169,404450302706330,HR-SNP-0147,1204
9416137760,9416097670,12/02/2026 11:21:48,166,MOC,863986452227020,404450121165586,HR-SNP-0147,1204
9896028131,9416173654,12/02/2026 11:23:08,58,MOC,864000666869559,404450452896879,HR-SNP-0147,1204
9416146265,9416130028,12/02/2026 11:23:12,49,MOC,862649030647015,404450277288866,HR-SNP-0147,1204
9812156357,9812119602,12/02/2026 11:24:14,233,MTC,867325800104932,404450244209787,HR-SNP-0147,1204
9416067422,9416188104,12/02/2026 11:24:21,265,MTC,867342583605800,404450561801350,HR-SNP-0147,1204
9876138080,9812235144,12/02/2026 11:24:32,80,MTC,862203204392135,404450669628927,HR-SNP-0147,1204
9876120155,9416019508,12/02/2026 11:25:17,153,MOC,868106883651993,404450579091840,HR-SNP-0147,1204
9876159735,9896039219,12/02/2026 11:27:10,245,MOC,864109697454074,404450697716156,HR-SNP-0147,1204
9896044970,9416081121,12/02/2026 11:27:13,193,MOC,863402968097949,404450309517616,HR-SNP-0147,1204
9812245697,9896115014,12/02/2026 11:29:26,213,MTC,861641038101454,404450908839964,HR-SNP-0147,1204
9896137549,9416067199,12/02/2026 11:29:38,59,MTC,865796870111888,404450459668515,HR-SNP-0147,1204
9896017592,9876127477,12/02/2026 11:29:44,274,MOC,865364817851067,404450408474841,HR-SNP-0147,1204
9416023396,9876175909,12/02/2026 11:30:51,118,MTC,862160586475878,404450806480997,HR-SNP-0147,1204
9876120155,9812016057,12/02/2026 11:32:23,200,MTC,863135893935465,404450126763237,HR-SNP-0147,1204
9416117685,9896044970,12/02/2026 11:32:34,248,MTC,864202275157122,404450924399252,HR-SNP-0147,1204
9812024662,9876180284,12/02/2026 11:35:51,163,MTC,866272342613487,404450609912042,HR-SNP-0147,1204
9812217455,9896084364,12/02/2026 11:37:11,134,MTC,865932237601033,404450976704309,HR-SNP-0147,1204
9812144237,9812238221,12/02/2026 11:40:31,83,MOC,866284586001641,404450395444277,HR-SNP-0147,1204
9876117100,9812097538,12/02/2026 11:42:38,245,MTC,863352318562830,404450794113197,HR-SNP-0147,1204
9812058393,9896039219,12/02/2026 11:42:38,13,MOC,869649505216049,404450175145733,HR-SNP-0147,1204
9416163883,9416152906,12/02/2026 11:43:29,277,MOC,863284655452528,404450291811951,HR-SNP-0147,1204
9416027146,9876130861,12/02/2026 11:43:50,33,MTC,868815457196124,404450350781693,HR-SNP-0147,1204
9416197153,9812022280,12/02/2026 11:44:45,233,MTC,866581950725533,404450287048690,HR-SNP-0147,1204
9896044970,9416041285,12/02/2026 11:46:37,101,MTC,862586795781743,404450368523822,HR-SNP-0147,1204
9416027146,9812049829,12/02/2026 11:47:18,145,MOC,869375459206885,404450581331845,HR-SNP-0147,1204
9812024662,9416186019,12/02/2026 11:47:58,56,MOC,868905773045267,404450780830076,HR-SNP-0147,1204
9876168991,9416192544,12/02/2026 11:48:34,180,MOC,862187481707926,404450459816489,HR-SNP-0147,1204
9896076307,9812044522,12/02/2026 11:49:19,259,MOC,861658420175499,404450884679098,HR-SNP-0147,1204
9812044099,9896048890,12/02/2026 11:49:29,195,MOC,865278242105528,404450567804106,HR-SNP-0147,1204
9812129536,9416163883,12/02/2026 11:51:29,176,MOC,865170834426685,404450892150738,HR-SNP-0147,1204
9896014207,9876179352,12/02/2026 11:53:51,90,MOC,869411343036601,404450897943460,HR-SNP-0147,1204
9896193886,9812259672,12/02/2026 11:55:18,107,MOC,869214188196299,404450635539154,HR-SNP-0147,1204
9812196374,9812085456,12/02/2026 11:55:37,53,MTC,864201329463647,404450522511155,HR-SNP-0147,1204
9812016057,9416146265,12/02/2026 11:56:05,137,MTC,865575423681338,404450980564513,HR-SNP-0147,1204
9812253540,9416096951,12/02/2026 11:59:13,59,MOC,868599858586712,404450967646831,HR-SNP-0147,1204
9876179352,9896193748,12/02/2026 12:00:32,11,MTC,868672865183856,404450533698014,HR-SNP-0147,1204
9896194012,9896182512,12/02/2026 12:03:24,181,MTC,866782824262983,404450274246814,HR-SNP-0147,1204
9896072277,9896050857,12/02/2026 12:04:19,238,MTC,866376331686062,404450622881542,HR-SNP-0147,1204
9876128373,9416097670,12/02/2026 12:04:40,86,MTC,861549071793787,404450464162131,HR-SNP-0147,1204
9896062923,9896118675,12/02/2026 12:07:33,243,MOC,863458935373590,404450452150647,HR-SNP-0147,1204
9812040007,9416127786,12/02/2026 12:07:36,271,MOC,869970170644414,404450308202515,HR-SNP-0147,1204
9812149363,9416186484,12/02/2026 12:08:34,299,MOC,865101134113817,404450452788129,HR-SNP-0147,1204
9812187992,9812010464,12/02/2026 12:08:35,125,MTC,862722324248413,404450504968149,HR-SNP-0147,1204
9812164948,9876130861,12/02/2026 12:11:05,194,MTC,861349370422220,404450542124908,HR-SNP-0147,1204
9896028289,9812299192,12/02/2026 12:16:16,199,MTC,866549095363310,404450977082994,HR-SNP-0147,1204
9812226828,9896186622,12/02/2026 12:16:26,108,MOC,862526121824371,404450530391423,HR-SNP-0147,1204
9812056898,9812259672,12/02/2026 12:17:05,290,MOC,861148918550068,404450993019801,HR-SNP-0147,1204
9812160432,9896084341,12/02/2026 12:17:26,261,MTC,867196757234674,404450281747678,HR-SNP-0147,1204
9896178327,9416067199,12/02/2026 12:17:33,24,MOC,865658221762450,404450799145494,HR-SNP-0147,1204
9896118675,9896127361,12/02/2026 12:19:02,58,MTC,869475038105056,404450471245687,HR-SNP-0147,1204
9812049829,9896054942,12/02/2026 12:19:35,255,MOC,863374307303401,404450167753684,HR-SNP-0147,1204
9896154020,9896039451,12/02/2026 12:20:00,35,MOC,869280821469325,404450825308245,HR-SNP-0147,1204
9896058434,9416191351,12/02/2026 12:20:54,160,MTC,868335631498353,404450994513638,HR-SNP-0147,1204
9812037110,9812235144,12/02/2026 12:21:45,196,MTC,869741124994051,404450782303013,HR-SNP-0147,1204
9896054942,9812121226,12/02/2026 12:26:34,89,MTC,866111371731083,404450602746506,HR-SNP-0147,1204
9896028289,9416019508,12/02/2026 12:27:26,232,MTC,865961930476590,404450621762558,HR-SNP-0147,1204
9812224168,9896045774,12/02/2026 12:29:00,78,MOC,866522729686125,404450864369269,HR-SNP-0147,1204
9812217455,9876138080,12/02/2026 12:29:05,14,MOC,865174954389136,404450644502921,HR-SNP-0147,1204
9876138016,9812060968,12/02/2026 12:29:31,265,MTC,868371068110048,404450852384450,HR-SNP-0147,1204
9416163883,9812241029,12/02/2026 12:29:54,240,MTC,866836958257669,404450324422284,HR-SNP-0147,1204
9812128136,9812259672,12/02/2026 12:30:40,172,MTC,865706040477703,404450750027161,HR-SNP-0147,1204
9896157795,9896017592,12/02/2026 12:31:02,126,MOC,867811134360505,404450978755907,HR-SNP-0147,1204
9812099166,9896017592,12/02/2026 12:31:10,272,MOC,864234801667605,404450337069279,HR-SNP-0147,1204
9876182063,9416197806,12/02/2026 12:32:16,70,MOC,862761631496127,404450330272673,HR-SNP-0147,1204
9416081121,9812182357,12/02/2026 12:33:50,69,MOC,869161157700633,404450528148969,HR-SNP-0147,1204
9416081121,9416154473,12/02/2026 12:35:33,233,MOC,862339336909284,404450465708674,HR-SNP-0147,1204
9896127361,9896115695,12/02/2026 12:37:24,142,MOC,863230685193688,404450905066256,HR-SNP-0147,1204
9812269470,9812037110,12/02/2026 12:37:38,55,MTC,861199486756579,404450384769690,HR-SNP-0147,1204
9876180284,9812049829,12/02/2026 12:38:40,244,MOC,866551073734582,404450840034196,HR-SNP-0147,1204
9896031798,9812070068,12/02/2026 12:38:44,20,MTC,865407215115980,404450142400500,HR-SNP-0147,1204
9416097670,9896165444,12/02/2026 12:38:58,287,MTC,866278048079927,404450269119969,HR-SNP-0147,1204
9896193748,9416188104,12/02/2026 12:41:34,270,MOC,866729945854047,404450697161367,HR-SNP-0147,1204
9876126728,9812016057,12/02/2026 12:43:14,130,MOC,865501754699346,404450311818984,HR-SNP-0147,1204
9812119602,9812113278,12/02/2026 12:43:17,179,MTC,866164100304667,404450334553833,HR-SNP-0147,1204
9876128373,9812238221,12/02/2026 12:48:46,130,MTC,862090113779196,404450771939435,HR-SNP-0147,1204
9896047930,9812044522,12/02/2026 12:48:56,162,MOC,863356528769025,404450436280635,HR-SNP-0147,1204
9896176244,9896072277,12/02/2026 12:49:29,223,MTC,861442838918686,404450508956386,HR-SNP-0147,1204
9812198501,9896046500,12/02/2026 12:51:25,95,MOC,864205270727571,404450288290663,HR-SNP-0147,1204
9896030032,9416019016,12/02/2026 12:52:46,193,MOC,864333369927023,404450405908799,HR-SNP-0147,1204
9896169429,9416148752,12/02/2026 12:53:09,176,MTC,866132538921270,404450544325176,HR-SNP-0147,1204
9812182357,9896076307,12/02/2026 12:53:58,108,MOC,864956946923764,404450419561201,HR-SNP-0147,1204
9812037110,9416067422,12/02/2026 12:55:32,298,MTC,868575447129222,404450213757100,HR-SNP-0147,1204
9812022224,9416197806,12/02/2026 12:56:57,145,MTC,865098471927617,404450375139723,HR-SNP-0147,1204
9812022224,9416161049,12/02/2026 12:57:46,71,MOC,869665798420749,404450759091699,HR-SNP-0147,1204
9896031798,9812184668,12/02/2026 13:01:02,57,MTC,867029339361256,404450296354549,HR-SNP-0147,1204
9812070068,9416146265,12/02/2026 13:01:41,165,MOC,861645804164019,404450401459841,HR-SNP-0147,1204
9416046517,9896169638,12/02/2026 13:01:49,68,MOC,868745074050019,404450308739111,HR-SNP-0147,1204
9896072277,9896161116,12/02/2026 13:04:30,258,MTC,866658629691449,404450517021222,HR-SNP-0147,1204
9896083579,9416137760,12/02/2026 13:04:50,234,MOC,861627666275618,404450307331729,HR-SNP-0147,1204
9416067422,9416046517,12/02/2026 13:06:15,111,MOC,864063531886075,404450335090446,HR-SNP-0147,1204
9896062227,9812024371,12/02/2026 13:07:00,116,MTC,863269816728043,404450286069909,HR-SNP-0147,1204
9416113248,9896130676,12/02/2026 13:07:46,288,MOC,861766523393488,404450782546314,HR-SNP-0147,1204
9876181200,9812238221,12/02/2026 13:08:02,54,MOC,861241098478582,404450304872179,HR-SNP-0147,1204
9416017331,9896028131,12/02/2026 13:08:15,54,MTC,864511051275585,404450204138894,HR-SNP-0147,1204
9876182063,9812016057,12/02/2026 13:08:46,228,MTC,867560073402064,404450113089765,HR-SNP-0147,1204
9896110851,9416163424,12/02/2026 13:10:54,241,MOC,866306524226483,404450591819409,HR-SNP-0147,1204
9416161049,9812022224,12/02/2026 13:11:24,228,MTC,868449775844233,404450706310053,HR-SNP-0147,1204
9416152906,9896140735,12/02/2026 13:11:57,190,MOC,863405237080829,404450656381604,HR-SNP-0147,1204
9416137760,9896128301,12/02/2026 13:12:52,206,MOC,861770433840650,404450924913247,HR-SNP-0147,1204
9812085456,9876116582,12/02/2026 13:14:33,112,MTC,865093631092584,404450999912828,HR-SNP-0147,1204
9416080798,9416163883,12/02/2026 13:15:09,206,MTC,867429741596049,404450493454438,HR-SNP-0147,1204
9812198501,9812097538,12/02/2026 13:15:36,232,MTC,868974716639032,404450146511793,HR-SNP-0147,1204
9812144237,9896039451,12/02/2026 13:15:50,155,MTC,866442750784898,404450968253265,HR-SNP-0147,1204
9416191351,9416146265,12/02/2026 13:17:04,161,MTC,868308949776358,404450288592093,HR-SNP-0147,1204
9876125860,9812067154,12/02/2026 13:17:57,174,MTC,863977721523124,404450475505122,HR-SNP-0147,1204
9812189840,9876182063,12/02/2026 13:18:46,114,MTC,869489250090366,404450291898710,HR-SNP-0147,1204
9876187236,9876138016,12/02/2026 13:19:04,33,MTC,864425501919996,404450489256938,HR-SNP-0147,1204
9416188104,9812259672,12/02/2026 13:23:21,204,MOC,862087961597072,404450733571870,HR-SNP-0147,1204
9812044099,9896186622,12/02/2026 13:23:45,70,MOC,869695906940209,404450227251665,HR-SNP-0147,1204
9896031417,9876182132,12/02/2026 13:23:58,235,MTC,869728175919296,404450843102880,HR-SNP-0147,1204
9416097670,9812061645,12/02/2026 13:24:14,244,MOC,867872292002861,404450291997732,HR-SNP-0147,1204
9812087110,9812217455,12/02/2026 13:25:55,298,MTC,869161479752733,404450495430792,HR-SNP-0147,1204
9812157052,9896019116,12/02/2026 13:28:37,244,MOC,869836760632252,404450407970266,HR-SNP-0147,1204
9896170637,9896169638,12/02/2026 13:28:45,257,MTC,866398724534454,404450720248205,HR-SNP-0147,1204
9896054942,9416013617,12/02/2026 13:29:12,46,MTC,866214230803665,404450557309058,HR-SNP-0147,1204
9896045774,9812238221,12/02/2026 13:31:45,120,MTC,862972141662895,404450501811039,HR-SNP-0147,1204
9896178327,9896099733,12/02/2026 13:32:58,93,MTC,863700768068743,404450439689322,HR-SNP-0147,1204
9876133819,9876182309,12/02/2026 13:33:20,153,MTC,864450494620382,404450256598517,HR-SNP-0147,1204
9812196374,9876168991,12/02/2026 13:34:31,219,MTC,862156783510637,404450454002758,HR-SNP-0147,1204
9896130676,9896076307,12/02/2026 13:36:46,263,MTC,864642289482108,404450335714544,HR-SNP-0147,1204
9812142591,9876167954,12/02/2026 13:36:56,51,MTC,861494885625681,404450442185272,HR-SNP-0147,1204
9896176244,9812196374,12/02/2026 13:37:32,162,MOC,862123055515038,404450461081823,HR-SNP-0147,1204
9812240311,9812224168,12/02/2026 13:38:02,258,MOC,863515954062182,404450252621455,HR-SNP-0147,1204
9896140735,9812024663,12/02/2026 13:39:44,209,MOC,863055550697097,404450940035404,HR-SNP-0147,1204
9876182063,9812085456,12/02/2026 13:39:53,48,MOC,866307602390708,404450834717549,HR-SNP-0147,1204
9416181810,9416080798,12/02/2026 13:40:20,113,MOC,865160045318250,404450629332643,HR-SNP-0147,1204
9416138893,9416019287,12/02/2026 13:40:54,219,MTC,864076976908081,404450696800574,HR-SNP-0147,1204
9812096511,9876182132,12/02/2026 13:41:12,104,MOC,861173356979646,404450179168231,HR-SNP-0147,1204
9876130289,9876168991,12/02/2026 13:42:13,100,MOC,869139498882636,404450497800553,HR-SNP-0147,1204
9896190173,9812121226,12/02/2026 13:44:17,20,MOC,865022780733066,404450195537862,HR-SNP-0147,1204
9812259672,9416097670,12/02/2026 13:44:26,75,MOC,861963970699415,404450423702101,HR-SNP-0147,1204
9812117944,9812169692,12/02/2026 13:46:33,50,MTC,865216048659291,404450654705830,HR-SNP-0147,1204
9876138016,9416127786,12/02/2026 13:46:54,274,MTC,864920906750521,404450654449982,HR-SNP-0147,1204
9812284847,9896087128,12/02/2026 13:47:45,41,MOC,861003478233603,404450912906014,HR-SNP-0147,1204
9812191959,9896019880,12/02/2026 13:48:13,139,MOC,861341322368869,404450904258674,HR-SNP-0147,1204
9896139444,9812129536,12/02/2026 13:50:35,266,MTC,867983926385187,404450896760809,HR-SNP-0147,1204
9896099399,9416154473,12/02/2026 13:51:40,171,MTC,862548471262174,404450300164147,HR-SNP-0147,1204
9876141850,9416163424,12/02/2026 13:52:22,129,MTC,866770552304868,404450755070775,HR-SNP-0147,1204
9896190173,9876130289,12/02/2026 13:53:07,161,MTC,865829243213437,404450108695125,HR-SNP-0147,1204
9876139154,9812061173,12/02/2026 13:53:17,238,MOC,868736366947672,404450599352182,HR-SNP-0147,1204
9896097782,9896131178,12/02/2026 13:54:13,224,MOC,864512496801984,404450960345542,HR-SNP-0147,1204
9812016572,9812056105,12/02/2026 13:56:38,28,MTC,866661731182069,404450366570563,HR-SNP-0147,1204
9416197806,9896019116,12/02/2026 13:56:43,112,MOC,861342716255034,404450510704185,HR-SNP-0147,1204
9896077000,9896190173,12/02/2026 13:56:47,252,MOC,865845462702084,404450532689999,HR-SNP-0147,1204
9896176244,9896097841,12/02/2026 13:58:45,263,MTC,869653004883952,404450546279777,HR-SNP-0147,1204
9812016572,9896169929,12/02/2026 14:00:47,37,MOC,869891256300656,404450603895158,HR-SNP-0147,1204
9812061645,9896069598,12/02/2026 14:04:11,65,MTC,866359667113445,404450200117306,HR-SNP-0147,1204
9876142914,9812159797,12/02/2026 14:05:10,18,MTC,862188797641400,404450470228863,HR-SNP-0147,1204
9896115695,9416074042,12/02/2026 14:06:18,107,MTC,868002684561989,404450427012523,HR-SNP-0147,1204
9416137760,9896170637,12/02/2026 14:07:10,134,MOC,867698797424240,404450282001119,HR-SNP-0147,1204
9896044970,9876192149,12/02/2026 14:07:41,231,MTC,867850545383289,404450822949013,HR-SNP-0147,1204
9416019508,9876180284,12/02/2026 14:08:38,140,MTC,866232281461491,404450325900773,HR-SNP-0147,1204
9896084341,9896130676,12/02/2026 14:08:55,141,MOC,864884223914135,404450750637748,HR-SNP-0147,1204
9896154020,9812290676,12/02/2026 14:10:08,206,MOC,869809314768461,404450900427880,HR-SNP-0147,1204
9416154473,9812269470,12/02/2026 14:11:51,82,MTC,866703257054941,404450376954836,HR-SNP-0147,1204
9812058393,9812290676,12/02/2026 14:16:31,176,MTC,861530374802880,404450170185347,HR-SNP-0147,1204
9812056105,9896084364,12/02/2026 14:17:44,65,MOC,864841552982643,404450759241286,HR-SNP-0147,1204
9896142406,9416131632,12/02/2026 14:18:04,49,MOC,867206757808653,404450972717220,HR-SNP-0147,1204
9416197806,9416138683,12/02/2026 14:18:12,205,MOC,865228040252300,404450715145139,HR-SNP-0147,1204
9896040495,9896193748,12/02/2026 14:18:16,268,MOC,868598750997136,404450411152157,HR-SNP-0147,1204
9876133819,9416173653,12/02/2026 14:18:23,298,MOC,864163439388958,404450831983367,HR-SNP-0147,1204
9876142914,9876116582,12/02/2026 14:20:30,295,MTC,863537273255367,404450313736772,HR-SNP-0147,1204
9812016057,9416191351,12/02/2026 14:21:25,182,MOC,861866489530208,404450688574163,HR-SNP-0147,1204
9416119171,9896186622,12/02/2026 14:21:29,41,MTC,865162384697648,404450413184748,HR-SNP-0147,1204
9416050306,9896097782,12/02/2026 14:22:28,274,MOC,868901696958282,404450285627380,HR-SNP-0147,1204
9416173654,9416023396,12/02/2026 14:22:45,97,MTC,869562987586668,404450425129005,HR-SNP-0147,1204
9416183519,9416198039,12/02/2026 14:23:34,294,MTC,868601569327465,404450326398655,HR-SNP-0147,1204
9812187397,9896039451,12/02/2026 14:23:54,195,MTC,863943830667238,404450297446299,HR-SNP-0147,1204
9812284847,9416046517,12/02/2026 14:26:37,149,MTC,865013606580271,404450482049366,HR-SNP-0147,1204
9896062227,9896084341,12/02/2026 14:28:17,145,MOC,864252954659370,404450498380251,HR-SNP-0147,1204
9416131632,9812286099,12/02/2026 14:28:19,283,MTC,866574670581259,404450773020489,HR-SNP-0147,1204
9812099166,9876164496,12/02/2026 14:28:29,226,MTC,862675351016939,404450698074168,HR-SNP-0147,1204
9896098184,9812198696,12/02/2026 14:29:24,266,MTC,862449131747101,404450787771674,HR-SNP-0147,1204
9812189840,9812067154,12/02/2026 14:29:45,72,MTC,861377832968774,404450154308262,HR-SNP-0147,1204
9812159823,9812056105,12/02/2026 14:31:20,132,MTC,861361160313732,404450323577467,HR-SNP-0147,1204
9812169692,9416137760,12/02/2026 14:32:03,214,MTC,869457369871352,404450700539700,HR-SNP-0147,1204
9896077000,9896110851,12/02/2026 14:33:07,259,MOC,862068219743020,404450667267264,HR-SNP-0147,1204
9896097416,9876175909,12/02/2026 14:33:33,77,MOC,862898193775807,404450951169063,HR-SNP-0147,1204
9896128301,9416130028,12/02/2026 14:34:48,212,MTC,866973207748790,404450337911187,HR-SNP-0147,1204
9876141850,9416137760,12/02/2026 14:35:06,142,MOC,864474905447749,404450793623149,HR-SNP-0147,1204
9812127601,9416148752,12/02/2026 14:38:15,58,MTC,862182290099850,404450708197748,HR-SNP-0147,1204
9812154313,9416050306,12/02/2026 14:42:33,70,MOC,869595933135735,404450425010492,HR-SNP-0147,1204
9896077000,9896099733,12/02/2026 14:43:32,152,MOC,869000527638114,404450216003492,HR-SNP-0147,1204
9896017665,9876181200,12/02/2026 14:43:46,201,MTC,866413761398986,404450788320816,HR-SNP-0147,1204
9896095181,9812010464,12/02/2026 14:43:47,244,MTC,861073684687736,404450892952947,HR-SNP-0147,1204
9416067199,9876162383,12/02/2026 14:44:27,170,MTC,861677689660565,404450659042709,HR-SNP-0147,1204
9876127477,9876120155,12/02/2026 14:46:35,259,MTC,869826186130113,404450249216081,HR-SNP-0147,1204
9876133819,9896110851,12/02/2026 14:47:23,91,MOC,868708527038391,404450137365109,HR-SNP-0147,1204
9812292240,9812276542,12/02/2026 14:52:04,63,MOC,868242731357018,404450844826434,HR-SNP-0147,1204
9812010464,9416046421,12/02/2026 14:52:27,158,MTC,867503647003673,404450725887408,HR-SNP-0147,1204
9876168991,9812140512,12/02/2026 14:54:51,212,MTC,861805482437838,404450819883588,HR-SNP-0147,1204
9812269470,9896045774,12/02/2026 14:56:21,254,MOC,864050546391726,404450838161934,HR-SNP-0147,1204
9416037869,9812149363,12/02/2026 14:57:38,32,MOC,863367219024486,404450775963880,HR-SNP-0147,1204
9812140512,9416022240,12/02/2026 14:58:05,242,MTC,866974734494117,404450798921553,HR-SNP-0147,1204
9896182512,9812056898,12/02/2026 15:00:09,97,MOC,867729659013135,404450765408938,HR-SNP-0147,1204
9416131632,9416148752,12/02/2026 15:00:09,41,MTC,863288738719847,404450611372846,HR-SNP-0147,1204
9896029313,9812277889,12/02/2026 15:00:47,133,MOC,865469963927503,404450486556226,HR-SNP-0147,1204
9812087110,9876159735,12/02/2026 15:01:20,122,MOC,861955563255013,404450568006548,HR-SNP-0147,1204
9812292240,9896022363,12/02/2026 15:02:08,61,MOC,865590025030283,404450643672548,HR-SNP-0147,1204
9896128301,9812097538,12/02/2026 15:03:53,117,MOC,862546133204894,404450619329173,HR-SNP-0147,1204
9876116582,9896045992,12/02/2026 15:04:00,214,MTC,862673875940025,404450435596237,HR-SNP-0147,1204
9416085674,9896125129,12/02/2026 15:04:18,163,MTC,864663687498552,404450719975993,HR-SNP-0147,1204
9416068008,9416186019,12/02/2026 15:05:26,240,MTC,869873214272403,404450244564312,HR-SNP-0147,1204
9812040007,9876139154,12/02/2026 15:06:56,293,MOC,865283966429666,404450724902501,HR-SNP-0147,1204
9416137760,9416173654,12/02/2026 15:08:43,82,MTC,867035768609723,404450588909690,HR-SNP-0147,1204
9812269470,9812187397,12/02/2026 15:09:20,49,MTC,869830965583670,404450822977979,HR-SNP-0147,1204
9896010942,9812016572,12/02/2026 15:09:29,163,MTC,869330251971248,404450358737619,HR-SNP-0147,1204
9416138893,9812061645,12/02/2026 15:10:28,236,MOC,863799423135065,404450170455681,HR-SNP-0147,1204
9896128301,9896018418,12/02/2026 15:12:48,157,MTC,864101699256263,404450502278868,HR-SNP-0147,1204
9812044099,9876119071,12/02/2026 15:13:38,122,MTC,863759961600855,404450947769596,HR-SNP-0147,1204
9416197806,9896193748,12/02/2026 15:13:40,206,MTC,869560667626989,404450782364690,HR-SNP-0147,1204
9896025906,9876187236,12/02/2026 15:15:39,285,MTC,861566013801898,404450249394788,HR-SNP-0147,1204
9896039451,9416031319,12/02/2026 15:17:48,159,MOC,861386817422750,404450961129245,HR-SNP-0147,1204
9876138016,9896161876,12/02/2026 15:19:24,98,MTC,862283208955502,404450117920106,HR-SNP-0147,1204
9416070946,9812241029,12/02/2026 15:21:21,155,MOC,869601701343506,404450102239566,HR-SNP-0147,1204
9876138080,9812061173,12/02/2026 15:23:03,232,MTC,861709068810168,404450651196193,HR-SNP-0147,1204
9416080798,9812199353,12/02/2026 15:23:56,169,MTC,864743095835126,404450266140258,HR-SNP-0147,1204
9896169638,9896045774,12/02/2026 15:25:43,31,MOC,869176813042474,404450990531175,HR-SNP-0147,1204
9896166985,9896044970,12/02/2026 15:26:31,206,MTC,864269439662118,404450556095308,HR-SNP-0147,1204
9416157447,9812096511,12/02/2026 15:26:42,285,MTC,862271051552630,404450901967913,HR-SNP-0147,1204
9896095181,9812191959,12/02/2026 15:27:47,149,MTC,869368125718906,404450815838988,HR-SNP-0147,1204
9416172518,9416127786,12/02/2026 15:28:01,19,MTC,868588164969633,404450145652216,HR-SNP-0147,1204
9416199065,9896142098,12/02/2026 15:29:11,114,MOC,864391501903852,404450867129446,HR-SNP-0147,1204
9812259672,9812159823,12/02/2026 15:32:17,201,MOC,862178858004178,404450197951867,HR-SNP-0147,1204
9876120155,9876128726,12/02/2026 15:35:19,220,MTC,865356145793220,404450351923547,HR-SNP-0147,1204
9896017592,9896010942,12/02/2026 15:36:47,244,MTC,861523744376366,404450575215255,HR-SNP-0147,1204
9416013617,9876127477,12/02/2026 15:37:42,133,MTC,862506108514766,404450662087258,HR-SNP-0147,1204
9896192397,9876192149,12/02/2026 15:37:48,223,MTC,868125845409944,404450122394554,HR-SNP-0147,1204
9812277889,9896193748,12/02/2026 15:39:30,55,MOC,868278559733200,404450554773258,HR-SNP-0147,1204
9416154473,9416173653,12/02/2026 15:39:48,292,MOC,868943241666626,404450345343109,HR-SNP-0147,1204
9812056898,9896161876,12/02/2026 15:40:41,160,MTC,862404894960468,404450452101316,HR-SNP-0147,1204
9896030032,9896186622,12/02/2026 15:41:52,185,MOC,862372970499848,404450893889313,HR-SNP-0147,1204
9896127361,9896019880,12/02/2026 15:42:38,199,MOC,865034816644083,404450961463274,HR-SNP-0147,1204
9416097670,9416156438,12/02/2026 15:43:23,38,MOC,868066859540756,404450202896950,HR-SNP-0147,1204
9896047930,9876164496,12/02/2026 15:43:54,103,MOC,861768565874984,404450357370819,HR-SNP-0147,1204
9876181200,9416046421,12/02/2026 15:44:01,111,MTC,868557390966865,404450517509245,HR-SNP-0147,1204
9812245697,9416191351,12/02/2026 15:44:31,193,MOC,867467499420378,404450650457212,HR-SNP-0147,1204
9876162383,9416044179,12/02/2026 15:47:17,136,MOC,863191593500002,404450670661751,HR-SNP-0147,1204
9812233206,9896190173,12/02/2026 15:47:21,74,MOC,862118088344783,404450866402704,HR-SNP-0147,1204
9896028289,9876187236,12/02/2026 15:47:28,229,MTC,861083250710128,404450140507249,HR-SNP-0147,1204
9416097670,9416180545,12/02/2026 15:47:29,83,MOC,864336308683132,404450305816222,HR-SNP-0147,1204
9896194012,9812119602,12/02/2026 15:48:38,86,MOC,861704564578035,404450605359412,HR-SNP-0147,1204
9812189840,9896019880,12/02/2026 15:49:34,163,MTC,862356276225812,404450487754927,HR-SNP-0147,1204
9416046421,9812024371,12/02/2026 15:50:03,177,MTC,865933913727162,404450336626964,HR-SNP-0147,1204
9812088504,9812016057,12/02/2026 15:51:08,142,MTC,862529296171527,404450516718295,HR-SNP-0147,1204
9812184668,9812277889,12/02/2026 15:51:32,135,MOC,865288313541261,404450905817775,HR-SNP-0147,1204
9896110851,9876130289,12/02/2026 15:52:08,169,MOC,869259855227310,404450431436631,HR-SNP-0147,1204
9812159823,9876125860,12/02/2026 15:53:07,270,MTC,865261667520407,404450612953915,HR-SNP-0147,1204
9416130028,9896070332,12/02/2026 15:55:26,163,MOC,863250494943494,404450834776489,HR-SNP-0147,1204
9812146585,9416089131,12/02/2026 15:55:43,135,MOC,868644718065548,404450224539647,HR-SNP-0147,1204
9896010942,9812159823,12/02/2026 16:00:03,38,MTC,867590771068149,404450851208813,HR-SNP-0147,1204
9812024663,9812129536,12/02/2026 16:00:59,49,MTC,863642313346080,404450300688440,HR-SNP-0147,1204
9876117100,9812060968,12/02/2026 16:02:14,36,MTC,863007801558484,404450982739959,HR-SNP-0147,1204
9416163424,9812037110,12/02/2026 16:02:48,50,MTC,867644682515946,404450233875825,HR-SNP-0147,1204
9896127361,9876119071,12/02/2026 16:05:26,98,MTC,863086557707723,404450338754922,HR-SNP-0147,1204
9896017665,9812187992,12/02/2026 16:05:40,120,MOC,868560624947078,404450219066986,HR-SNP-0147,1204
9812010464,9896034931,12/02/2026 16:06:02,32,MOC,863741794682936,404450913610452,HR-SNP-0147,1204
9812191959,9416138893,12/02/2026 16:07:58,94,MOC,866436171884367,404450702416787,HR-SNP-0147,1204
9896039451,9812142591,12/02/2026 16:08:36,195,MOC,867312076467872,404450165015165,HR-SNP-0147,1204
9416197153,9416017331,12/02/2026 16:08:38,215,MOC,866375702599249,404450436856223,HR-SNP-0147,1204
9416188104,9416148752,12/02/2026 16:08:42,179,MOC,861891038188396,404450280377032,HR-SNP-0147,1204
9416117685,9416131632,12/02/2026 16:08:59,174,MOC,863216485227793,404450395296179,HR-SNP-0147,1204
9896084341,9812037110,12/02/2026 16:09:37,52,MOC,866137728053052,404450135106082,HR-SNP-0147,1204
9896192397,9896043386,12/02/2026 16:10:21,55,MTC,866559607823995,404450227460504,HR-SNP-0147,1204
9896017665,9896039219,12/02/2026 16:10:25,157,MOC,868288114666498,404450249859658,HR-SNP-0147,1204
9812061173,9812149363,12/02/2026 16:11:18,80,MOC,863242232736173,404450434649743,HR-SNP-0147,1204
9812051104,9812244741,12/02/2026 16:12:36,217,MOC,862913829950363,404450836059336,HR-SNP-0147,1204
9876128726,9812253540,12/02/2026 16:13:57,180,MOC,862380975802366,404450911472797,HR-SNP-0147,1204
9812051104,9896062923,12/02/2026 16:14:32,292,MTC,863874811659250,404450999423880,HR-SNP-0147,1204
9896131178,9876132241,12/02/2026 16:15:57,49,MOC,864558403971487,404450714933740,HR-SNP-0147,1204
9416067199,9876127477,12/02/2026 16:16:47,232,MTC,862318801310901,404450820678212,HR-SNP-0147,1204
9812088504,9812187992,12/02/2026 16:19:16,256,MOC,868006636052428,404450505571070,HR-SNP-0147,1204
9812040007,9896128301,12/02/2026 16:20:06,125,MOC,867455658494046,404450243149972,HR-SNP-0147,1204
9896062227,9896073993,12/02/2026 16:21:18,97,MOC,868227701376282,404450745145663,HR-SNP-0147,1204
9812024663,9812159797,12/02/2026 16:25:06,116,MOC,861470136429517,404450178593060,HR-SNP-0147,1204
9416117685,9416050306,12/02/2026 16:25:52,160,MOC,865592688918133,404450212447665,HR-SNP-0147,1204
9416146265,9896097416,12/02/2026 16:26:45,67,MOC,867915478484310,404450544055921,HR-SNP-0147,1204
9812188193,9812097538,12/02/2026 16:27:32,96,MOC,863276710801592,404450759792599,HR-SNP-0147,1204
9896043386,9876182063,12/02/2026 16:28:18,10,MOC,866007858665759,404450739695468,HR-SNP-0147,1204
9812269470,9416113248,12/02/2026 16:28:24,163,MOC,861395631278694,404450468377143,HR-SNP-0147,1204
9416085674,9812245697,12/02/2026 16:30:25,99,MOC,863881971806089,404450633019326,HR-SNP-0147,1204
9812198501,9876159735,12/02/2026 16:30:55,297,MTC,866858644370197,404450246733633,HR-SNP-0147,1204
9876139154,9896154020,12/02/2026 16:31:00,224,MOC,868300952259165,404450803217037,HR-SNP-0147,1204
9416115075,9812140512,12/02/2026 16:31:51,145,MOC,863020460587097,404450684719405,HR-SNP-0147,1204
9876121915,9812233206,12/02/2026 16:36:50,210,MOC,865382649279948,404450292820522,HR-SNP-0147,1204
9896178327,9896030032,12/02/2026 16:37:21,278,MTC,867111347290143,404450617169553,HR-SNP-0147,1204
9416054236,9812224168,12/02/2026 16:39:49,113,MOC,864512386069029,404450144996163,HR-SNP-0147,1204
9416137760,9416022240,12/02/2026 16:40:53,250,MOC,866690279521136,404450844128379,HR-SNP-0147,1204
9896182512,9812149363,12/02/2026 16:42:42,125,MTC,862420980769179,404450801943382,HR-SNP-0147,1204
9896190173,9896197410,12/02/2026 16:43:20,22,MTC,868132665652705,404450298583968,HR-SNP-0147,1204
9812022097,9896030032,12/02/2026 16:44:19,100,MTC,869507362305763,404450599154414,HR-SNP-0147,1204
9876163354,9876119071,12/02/2026 16:49:03,214,MOC,861663128666862,404450111529159,HR-SNP-0147,1204
9896186622,9416197806,12/02/2026 16:49:31,112,MOC,867716608515008,404450410808710,HR-SNP-0147,1204
9812085456,9812169692,12/02/2026 16:50:11,96,MOC,863625342387025,404450195628804,HR-SNP-0147,1204
9896196951,9896169429,12/02/2026 16:50:49,31,MTC,866652985443891,404450749620068,HR-SNP-0147,1204
9896097416,9812021003,12/02/2026 16:51:35,186,MOC,862840319488721,404450417217932,HR-SNP-0147,1204
9812182357,9416181810,12/02/2026 16:52:12,56,MOC,861711260768316,404450330876810,HR-SNP-0147,1204
9896097841,9876182063,12/02/2026 16:54:07,73,MOC,867550864242618,404450624830763,HR-SNP-0147,1204
9416074042,9416155309,12/02/2026 16:54:14,99,MOC,866114671462482,404450486777550,HR-SNP-0147,1204
9896189276,9876162383,12/02/2026 16:55:11,182,MOC,864196851593446,404450623502759,HR-SNP-0147,1204
9812196374,9812253540,12/02/2026 16:56:01,177,MOC,869033964352967,404450108556837,HR-SNP-0147,1204
9896060328,9812134356,12/02/2026 16:56:41,124,MOC,865538135210681,404450490250763,HR-SNP-0147,1204
9896186622,9416191351,12/02/2026 16:57:20,57,MTC,869014826715733,404450433280534,HR-SNP-0147,1204
9812259672,9876197500,12/02/2026 16:58:07,71,MTC,868950876255688,404450431042889,HR-SNP-0147,1204
9896140735,9876130289,12/02/2026 16:58:33,167,MTC,869748345063104,404450600368062,HR-SNP-0147,1204
9812238221,9896125129,12/02/2026 16:59:32,213,MOC,869997988042712,404450811198748,HR-SNP-0147,1204
9416119171,9896045992,12/02/2026 17:00:05,151,MTC,866689844338447,404450376313067,HR-SNP-0147,1204
9896154020,9812187992,12/02/2026 17:00:36,290,MTC,864116167512088,404450734399876,HR-SNP-0147,1204
9896029342,9896010942,12/02/2026 17:01:23,198,MTC,865803135029286,404450510567661,HR-SNP-0147,1204
9416191351,9416138893,12/02/2026 17:02:33,172,MTC,865579044145576,404450225458204,HR-SNP-0147,1204
9812188193,9896169429,12/02/2026 17:03:14,92,MOC,863725290483554,404450582522615,HR-SNP-0147,1204
9812078146,9876138080,12/02/2026 17:04:35,235,MTC,865959696973005,404450935504321,HR-SNP-0147,1204
9812083563,9812022224,12/02/2026 17:05:07,107,MOC,867583005232154,404450627694409,HR-SNP-0147,1204
9812217455,9416050001,12/02/2026 17:06:33,128,MTC,865976608480953,404450854827139,HR-SNP-0147,1204
9812056898,9812070068,12/02/2026 17:07:04,138,MTC,861222600647569,404450230955221,HR-SNP-0147,1204
9416081121,9896197410,12/02/2026 17:07:55,46,MTC,864422614023478,404450637383490,HR-SNP-0147,1204
9812198696,9896142098,12/02/2026 17:08:01,14,MOC,863355492898893,404450383975609,HR-SNP-0147,1204
9416094080,9416197806,12/02/2026 17:10:15,275,MOC,866719010461317,404450811060614,HR-SNP-0147,1204
9896137549,9876130289,12/02/2026 17:10:25,129,MOC,865359821879151,404450805302800,HR-SNP-0147,1204
9416127786,9896154020,12/02/2026 17:12:06,169,MOC,867046899854667,404450674487589,HR-SNP-0147,1204
9876163354,9876167954,12/02/2026 17:13:14,87,MTC,861652683951118,404450235555899,HR-SNP-0147,1204
9896194012,9812040007,12/02/2026 17:13:39,36,MTC,861479422790976,404450407965966,HR-SNP-0147,1204
9896050857,9812191959,12/02/2026 17:14:22,17,MTC,865360451177066,404450451431346,HR-SNP-0147,1204
9812023970,9896193748,12/02/2026 17:17:11,168,MOC,869073184897104,404450395752497,HR-SNP-0147,1204
9812184668,9876141850,12/02/2026 17:18:08,20,MTC,866468794978931,404450401019924,HR-SNP-0147,1204
9416172518,9876126728,12/02/2026 17:18:24,255,MTC,864005814678356,404450403071541,HR-SNP-0147,1204
9896097416,9812021003,12/02/2026 17:19:02,41,MTC,862484831679063,404450641755366,HR-SNP-0147,1204
9896097782,9416031174,12/02/2026 17:19:29,71,MOC,861334845858557,404450395238760,HR-SNP-0147,1204
9416181810,9876142914,12/02/2026 17:19:56,272,MOC,865569180685914,404450274855885,HR-SNP-0147,1204
9812238221,9896069598,12/02/2026 17:20:21,282,MOC,867862093334169,404450609586681,HR-SNP-0147,1204
9896019880,9812037110,12/02/2026 17:24:45,67,MOC,862821750731550,404450546706352,HR-SNP-0147,1204
9896130676,9876159735,12/02/2026 17:25:02,170,MOC,867023833912293,404450686556403,HR-SNP-0147,1204
9416062581,9416198039,12/02/2026 17:26:22,292,MOC,861435114899894,404450531246845,HR-SNP-0147,1204
9812113278,9812088504,12/02/2026 17:26:34,285,MTC,865778993666121,404450247395716,HR-SNP-0147,1204
9896062923,9416054236,12/02/2026 17:26:38,79,MTC,866896543114157,404450596573456,HR-SNP-0147,1204
9812226828,9876116582,12/02/2026 17:32:37,68,MTC,862326985522395,404450251136695,HR-SNP-0147,1204
9416031319,9876163354,12/02/2026 17:32:57,228,MOC,866282472758740,404450739073265,HR-SNP-0147,1204
9876163354,9876126728,12/02/2026 17:33:13,60,MTC,865475930945997,404450612326496,HR-SNP-0147,1204
9896154020,9812147196,12/02/2026 17:33:19,134,MOC,862574964116609,404450213247207,HR-SNP-0147,1204
9812121226,9416163424,12/02/2026 17:33:22,189,MTC,861461952679740,404450753903309,HR-SNP-0147,1204
9896189276,9896031798,12/02/2026 17:34:26,102,MTC,867308358475694,404450756441105,HR-SNP-0147,1204
9812189840,9896128301,12/02/2026 17:37:45,154,MOC,864418075111911,404450418092217,HR-SNP-0147,1204
9876182132,9416131632,12/02/2026 17:38:30,188,MTC,866168498611956,404450751947912,HR-SNP-0147,1204
9416183519,9416046421,12/02/2026 17:38:53,132,MOC,862638134846457,404450341270488,HR-SNP-0147,1204
9416134050,9416186484,12/02/2026 17:38:59,268,MOC,865433599600971,404450242312411,HR-SNP-0147,1204
9896031798,9896170637,12/02/2026 17:40:10,160,MTC,866692324875621,404450886411102,HR-SNP-0147,1204
9876119071,9416070946,12/02/2026 17:40:15,33,MOC,869086722059569,404450117481970,HR-SNP-0147,1204
9896044970,9812286099,12/02/2026 17:41:23,166,MOC,863965367000493,404450105188198,HR-SNP-0147,1204
9896097416,9896130676,12/02/2026 17:42:11,72,MTC,868951239730740,404450766741351,HR-SNP-0147,1204
9896031417,9416197153,12/02/2026 17:43:13,53,MOC,868993706361709,404450646980102,HR-SNP-0147,1204
9812134356,9416096951,12/02/2026 17:45:17,145,MTC,861752624379359,404450817888322,HR-SNP-0147,1204
9896157795,9416054236,12/02/2026 17:45:57,45,MOC,866059131867759,404450344261532,HR-SNP-0147,1204
9812097538,9416131632,12/02/2026 17:48:13,250,MOC,869947135999157,404450516736210,HR-SNP-0147,1204
9896131178,9812259672,12/02/2026 17:49:18,208,MTC,863008270893284,404450473581239,HR-SNP-0147,1204
9416152753,9896131178,12/02/2026 17:49:36,188,MTC,865769782554420,404450752262668,HR-SNP-0147,1204
9812259672,9896127361,12/02/2026 17:51:24,190,MOC,862742416393086,404450811479581,HR-SNP-0147,1204
9896043386,9416027146,12/02/2026 17:52:13,57,MTC,868113417591484,404450842800803,HR-SNP-0147,1204
9812021003,9896169638,12/02/2026 17:53:13,235,MOC,863612151521015,404450158591050,HR-SNP-0147,1204
9896062923,9416197806,12/02/2026 17:53:35,93,MOC,861567907518464,404450538719265,HR-SNP-0147,1204
9416154473,9812128136,12/02/2026 17:53:58,78,MTC,866647133911143,404450389287503,HR-SNP-0147,1204
9896157795,9812245697,12/02/2026 17:55:18,99,MTC,862585005985271,404450160309911,HR-SNP-0147,1204
9416198039,9896010942,12/02/2026 17:55:43,64,MTC,864447187359771,404450301373196,HR-SNP-0147,1204
9812097538,9416019287,12/02/2026 17:56:38,110,MTC,869690867722070,404450283048386,HR-SNP-0147,1204
9876161856,9876126728,12/02/2026 17:57:10,289,MTC,864967206145680,404450274651099,HR-SNP-0147,1204
9812083563,9896161876,12/02/2026 17:57:46,135,MOC,861418372919395,404450350179421,HR-SNP-0147,1204
9812144237,9812116630,12/02/2026 17:58:00,253,MTC,868771357425175,404450185260383,HR-SNP-0147,1204
9896031798,9416131632,12/02/2026 17:58:43,30,MTC,866672511629917,404450748232591,HR-SNP-0147,1204
9416062581,9896039219,12/02/2026 18:01:09,192,MTC,869673505033598,404450220786160,HR-SNP-0147,1204
9812147196,9416134050,12/02/2026 18:01:59,295,MOC,863333103572470,404450484835170,HR-SNP-0147,1204
9896165444,9896099733,12/02/2026 18:02:02,67,MOC,867455296734273,404450682014641,HR-SNP-0147,1204
9812199353,9876182309,12/02/2026 18:02:23,291,MOC,862548141688977,404450437710224,HR-SNP-0147,1204
9812024663,9416119171,12/02/2026 18:03:11,261,MTC,866820715308564,404450398668947,HR-SNP-0147,1204
9896017592,9876164496,12/02/2026 18:03:25,131,MTC,864707275252591,404450720362276,HR-SNP-0147,1204
9812096673,9896073993,12/02/2026 18:04:19,179,MOC,861223350059023,404450821160591,HR-SNP-0147,1204
9812226828,9812160488,12/02/2026 18:06:32,224,MTC,867035244730298,404450880126986,HR-SNP-0147,1204
9416031174,9416156438,12/02/2026 18:06:32,216,MTC,861002358361363,404450986812783,HR-SNP-0147,1204
9876138080,9896118675,12/02/2026 18:06:52,146,MOC,868467775950949,404450184747224,HR-SNP-0147,1204
9416019016,9896137549,12/02/2026 18:09:43,34,MTC,864056206619642,404450884362665,HR-SNP-0147,1204
9416156438,9896142098,12/02/2026 18:11:21,97,MTC,862670566333545,404450744102442,HR-SNP-0147,1204
9812091183,9416198777,12/02/2026 18:13:13,201,MOC,865315505931248,404450677174482,HR-SNP-0147,1204
9812290676,9416155309,12/02/2026 18:17:17,235,MOC,861268250463511,404450875718152,HR-SNP-0147,1204
9812241029,9812037110,12/02/2026 18:19:34,43,MOC,869019953037503,404450881503560,HR-SNP-0147,1204
9896022363,9812189840,12/02/2026 18:20:04,37,MOC,867074684979537,404450585772239,HR-SNP-0147,1204
9416050306,9896025906,12/02/2026 18:21:29,281,MTC,862725809305066,404450585805219,HR-SNP-0147,1204
9812266333,9876119071,12/02/2026 18:22:48,143,MTC,865326204649594,404450811114540,HR-SNP-0147,1204
9896046500,9876142914,12/02/2026 18:24:48,40,MTC,869584176262080,404450116891857,HR-SNP-0147,1204
9876117100,9416023396,12/02/2026 18:25:18,225,MTC,868624020236387,404450488896443,HR-SNP-0147,1204
9416197153,9416114165,12/02/2026 18:30:17,151,MTC,869932620228895,404450386874458,HR-SNP-0147,1204
9876182309,9876116582,12/02/2026 18:30:30,291,MOC,867842573267037,404450782767320,HR-SNP-0147,1204
9896097841,9876167954,12/02/2026 18:31:07,68,MTC,866596602799043,404450599100469,HR-SNP-0147,1204
9416197153,9896072277,12/02/2026 18:31:15,264,MOC,861242259655224,404450761732704,HR-SNP-0147,1204
9416017331,9416067422,12/02/2026 18:31:33,16,MOC,869298074305031,404450490816787,HR-SNP-0147,1204
9876182309,9896097416,12/02/2026 18:32:12,30,MOC,863409643787269,404450866213410,HR-SNP-0147,1204
9876142914,9896095181,12/02/2026 18:32:17,275,MTC,866661535688896,404450865026957,HR-SNP-0147,1204
9896040495,9416085674,12/02/2026 18:34:56,242,MOC,868307943753187,404450590483627,HR-SNP-0147,1204
9896083579,9896040495,12/02/2026 18:35:05,50,MTC,866040632304037,404450597950004,HR-SNP-0147,1204
9896166985,9812253540,12/02/2026 18:37:46,276,MTC,861408709205321,404450129947975,HR-SNP-0147,1204
9416119171,9416155309,12/02/2026 18:37:51,141,MOC,866209697795444,404450383602087,HR-SNP-0147,1204
9416062581,9896192397,12/02/2026 18:39:54,85,MOC,865540494862600,404450293313837,HR-SNP-0147,1204
9812016572,9876182063,12/02/2026 18:39:54,126,MOC,869346022862483,404450350958360,HR-SNP-0147,1204
9896131178,9416180545,12/02/2026 18:41:05,118,MTC,861573263697049,404450901544309,HR-SNP-0147,1204
9812022224,9416186484,12/02/2026 18:41:55,83,MTC,861928861280951,404450878913009,HR-SNP-0147,1204
9876127477,9416080798,12/02/2026 18:42:10,226,MTC,863999515372254,404450500810318,HR-SNP-0147,1204
9416173654,9416115075,12/02/2026 18:44:50,130,MTC,868371563920365,404450313407685,HR-SNP-0147,1204
9896166985,9896058434,12/02/2026 18:46:51,246,MTC,862510934769468,404450436161542,HR-SNP-0147,1204
9812061173,9896193886,12/02/2026 18:47:43,265,MOC,869224596526216,404450387694035,HR-SNP-0147,1204
9876192149,9896178327,12/02/2026 18:48:38,19,MTC,862511601945303,404450332565413,HR-SNP-0147,1204
9896140735,9812265392,12/02/2026 18:49:26,259,MTC,868005296569678,404450206273380,HR-SNP-0147,1204
9876127477,9812129536,12/02/2026 18:53:23,31,MTC,868496162646771,404450584419915,HR-SNP-0147,1204
9896039219,9812191959,12/02/2026 18:53:42,102,MTC,869268203927949,404450473620340,HR-SNP-0147,1204
9896128301,9812299192,12/02/2026 18:56:36,232,MOC,869623870776912,404450485742696,HR-SNP-0147,1204
9812187397,9416197806,12/02/2026 18:56:38,224,MOC,863072827229215,404450403554082,HR-SNP-0147,1204
9416019287,9876159735,12/02/2026 19:01:04,276,MTC,869550988379964,404450608128757,HR-SNP-0147,1204
9416173654,9416019016,12/02/2026 19:01:05,169,MOC,866863004347160,404450601304182,HR-SNP-0147,1204
9896019116,9416172518,12/02/2026 19:01:34,222,MOC,862764972357314,404450213424523,HR-SNP-0147,1204
9876162383,9896044970,12/02/2026 19:01:35,236,MTC,868546214723664,404450427899537,HR-SNP-0147,1204
9896019116,9896142098,12/02/2026 19:01:36,253,MOC,866259085501244,404450184777341,HR-SNP-0147,1204
9416137760,9416181810,12/02/2026 19:01:47,83,MTC,863972022249619,404450169482279,HR-SNP-0147,1204
9896097841,9896019116,12/02/2026 19:01:53,86,MOC,869371653282382,404450760080817,HR-SNP-0147,1204
9812088504,9876130289,12/02/2026 19:02:50,219,MTC,861692178534025,404450688559516,HR-SNP-0147,1204
9876162383,9812016057,12/02/2026 19:05:13,134,MOC,862935743997605,404450304853117,HR-SNP-0147,1204
9416114165,9896045992,12/02/2026 19:05:34,39,MTC,861195500604956,404450284496457,HR-SNP-0147,1204
9812157052,9896189276,12/02/2026 19:09:30,101,MTC,862858630382956,404450922790554,HR-SNP-0147,1204
9416148752,9896022363,12/02/2026 19:09:56,270,MTC,867378104734135,404450431642423,HR-SNP-0147,1204
9812192719,9896057739,12/02/2026 19:09:58,274,MOC,862557398394482,404450363315107,HR-SNP-0147,1204
9812119602,9812191959,12/02/2026 19:10:01,110,MOC,868837668713826,404450826991279,HR-SNP-0147,1204
9812159797,9876128373,12/02/2026 19:10:04,146,MTC,867563049413375,404450535968611,HR-SNP-0147,1204
9416050001,9876119071,12/02/2026 19:12:06,53,MOC,863713653640503,404450999381416,HR-SNP-0147,1204
9812196374,9812196374,12/02/2026 19:13:06,109,MTC,863302520455031,404450447268058,HR-SNP-0147,1204
9812266333,9876163354,12/02/2026 19:13:14,141,MOC,866017244026219,404450254655603,HR-SNP-0147,1204
9812144237,9896019116,12/02/2026 19:17:24,261,MOC,862637584380171,404450147137549,HR-SNP-0147,1204
9896163225,9896039451,12/02/2026 19:18:10,244,MTC,863321718667179,404450947556242,HR-SNP-0147,1204
9896069598,9896176244,12/02/2026 19:18:54,14,MOC,867088841727266,404450578531560,HR-SNP-0147,1204
9896069598,9896028131,12/02/2026 19:20:08,117,MTC,862352037029186,404450799582326,HR-SNP-0147,1204
9896166985,9876187236,12/02/2026 19:21:29,254,MOC,861164321415920,404450837293786,HR-SNP-0147,1204
9876161856,9876142914,12/02/2026 19:23:24,172,MTC,866173440443420,404450947813439,HR-SNP-0147,1204
9896030032,9896182512,12/02/2026 19:23:45,40,MOC,869136232606405,404450258638580,HR-SNP-0147,1204
9812087110,9876142914,12/02/2026 19:26:04,17,MTC,864352355263628,404450119237294,HR-SNP-0147,1204
9896044970,9416027146,12/02/2026 19:26:25,28,MTC,866940180522410,404450945870756,HR-SNP-0147,1204
9876117100,9416131632,12/02/2026 19:27:55,245,MTC,864571900070905,404450289642463,HR-SNP-0147,1204
9416019508,9896084364,12/02/2026 19:28:57,254,MTC,864317319540754,404450542098017,HR-SNP-0147,1204
9876130289,9812292240,12/02/2026 19:29:24,165,MTC,862596212030266,404450492297332,HR-SNP-0147,1204
9812067154,9876168991,12/02/2026 19:30:03,226,MTC,867424288733787,404450956328583,HR-SNP-0147,1204
9896142406,9812022097,12/02/2026 19:32:09,152,MOC,862388605476565,404450649009234,HR-SNP-0147,1204
9812016572,9812024663,12/02/2026 19:32:22,177,MTC,869601029126786,404450197647841,HR-SNP-0147,1204
9812061173,9876138016,12/02/2026 19:32:52,176,MOC,863003419924038,404450381699808,HR-SNP-0147,1204
9812022097,9896169429,12/02/2026 19:33:32,99,MTC,869157776916435,404450428401021,HR-SNP-0147,1204
9812044522,9896169638,12/02/2026 19:33:56,95,MTC,863466551763837,404450300895568,HR-SNP-0147,1204
9812060968,9876192149,12/02/2026 19:34:13,20,MTC,862123084827499,404450657165824,HR-SNP-0147,1204
9896140735,9416019287,12/02/2026 19:35:14,43,MOC,864752828959960,404450835948208,HR-SNP-0147,1204
9812099166,9812091183,12/02/2026 19:35:18,289,MTC,869497802389764,404450768986243,HR-SNP-0147,1204
9812280010,9416056566,12/02/2026 19:36:12,245,MTC,868412690111415,404450386279849,HR-SNP-0147,1204
9812067154,9416138683,12/02/2026 19:36:34,164,MTC,869337167888143,404450552989372,HR-SNP-0147,1204
9876168991,9812067154,12/02/2026 19:37:23,278,MTC,866674867828183,404450540024260,HR-SNP-0147,1204
9416186019,9812096673,12/02/2026 19:37:26,70,MOC,864168376826673,404450105716605,HR-SNP-0147,1204
9416192544,9876125860,12/02/2026 19:38:08,70,MOC,864921213763138,404450996382881,HR-SNP-0147,1204
9416080798,9876126728,12/02/2026 19:38:23,124,MOC,861707173901475,404450909851739,HR-SNP-0147,1204
9812128136,9416138893,12/02/2026 19:38:56,236,MTC,868251475823055,404450378965689,HR-SNP-0147,1204
9896098184,9812117944,12/02/2026 19:39:03,247,MOC,861933195146391,404450308004185,HR-SNP-0147,1204
9812116630,9416085674,12/02/2026 19:39:08,81,MTC,866611701663643,404450720058859,HR-SNP-0147,1204
9812160488,9812147196,12/02/2026 19:39:31,165,MTC,869890526273576,404450218586088,HR-SNP-0147,1204
9896161876,9416031174,12/02/2026 19:40:49,26,MTC,867747905299117,404450583307859,HR-SNP-0147,1204
9876121915,9416019508,12/02/2026 19:43:02,181,MOC,862826681848957,404450320325776,HR-SNP-0147,1204
9896128301,9896085880,12/02/2026 19:46:52,78,MTC,864389901022893,404450968457290,HR-SNP-0147,1204
9812099166,9812044522,12/02/2026 19:50:50,253,MOC,867339047381755,404450548003203,HR-SNP-0147,1204
9896098184,9812290676,12/02/2026 19:53:05,161,MTC,866101974374217,404450909774911,HR-SNP-0147,1204
9812280010,9876163354,12/02/2026 19:57:55,281,MTC,869892530995603,404450750072069,HR-SNP-0147,1204
9812091183,9812142591,12/02/2026 19:58:59,269,MOC,866478089371038,404450276264180,HR-SNP-0147,1204
9896062227,9896142406,12/02/2026 19:59:50,121,MOC,862442195775538,404450664258474,HR-SNP-0147,1204
9416044179,9896050857,12/02/2026 20:01:43,117,MTC,866127322017359,404450992582047,HR-SNP-0147,1204
9812290676,9876127477,12/02/2026 20:02:21,242,MTC,865420838283303,404450347538338,HR-SNP-0147,1204
9812188193,9416186484,12/02/2026 20:03:20,165,MOC,864011434333829,404450807309035,HR-SNP-0147,1204
9416188172,9416138683,12/02/2026 20:05:06,43,MTC,862299549302273,404450234568604,HR-SNP-0147,1204
9416163424,9812049829,12/02/2026 20:05:09,51,MTC,864455467052836,404450382646055,HR-SNP-0147,1204
9812078146,9896182512,12/02/2026 20:05:24,299,MOC,863237957345944,404450378769656,HR-SNP-0147,1204
9896161116,9876161856,12/02/2026 20:05:41,243,MTC,864319449663319,404450848933239,HR-SNP-0147,1204
9812114117,9876130289,12/02/2026 20:06:02,152,MOC,862307482598666,404450690395452,HR-SNP-0147,1204
9416183519,9876138080,12/02/2026 20:07:40,49,MOC,866737129312882,404450540337297,HR-SNP-0147,1204
9876159735,9896029342,12/02/2026 20:08:08,105,MTC,866195272395898,404450956905222,HR-SNP-0147,1204
9876197500,9416097670,12/02/2026 20:08:19,257,MOC,861330223525091,404450389008064,HR-SNP-0147,1204
9812199353,9416117685,12/02/2026 20:08:33,207,MTC,863263958054440,404450203810954,HR-SNP-0147,1204
9812116630,9812087110,12/02/2026 20:09:20,117,MTC,867076032729614,404450821955780,HR-SNP-0147,1204
9896084364,9416067199,12/02/2026 20:09:57,164,MTC,869155025585240,404450341076755,HR-SNP-0147,1204
9416155309,9812156357,12/02/2026 20:10:24,294,MOC,868844357242917,404450190095909,HR-SNP-0147,1204
9416062581,9876164496,12/02/2026 20:11:17,107,MTC,867862051563342,404450214641286,HR-SNP-0147,1204
9896040495,9812259672,12/02/2026 20:11:49,72,MOC,862542585652080,404450703975707,HR-SNP-0147,1204
9876182063,9896166985,12/02/2026 20:15:24,176,MTC,869059590691028,404450113275526,HR-SNP-0147,1204
9896137549,9416192544,12/02/2026 20:17:25,208,MOC,864574507988230,404450454617185,HR-SNP-0147,1204
9812142591,9812070068,12/02/2026 20:18:21,70,MOC,867367799777878,404450917255218,HR-SNP-0147,1204
9896017665,9876138080,12/02/2026 20:19:01,39,MTC,861715236698309,404450888448988,HR-SNP-0147,1204
9812056898,9812224168,12/02/2026 20:19:31,59,MTC,864908803779182,404450481482646,HR-SNP-0147,1204
9416081121,9896022363,12/02/2026 20:22:09,186,MOC,864526067264575,404450787790466,HR-SNP-0147,1204
9896115014,9416156438,12/02/2026 20:22:32,115,MTC,866602996861524,404450391039983,HR-SNP-0147,1204
9896028131,9896050857,12/02/2026 20:23:01,128,MTC,864245405108452,404450300131434,HR-SNP-0147,1204
9896045992,9416017331,12/02/2026 20:23:36,228,MOC,868607774352507,404450536879666,HR-SNP-0147,1204
9896031417,9876181200,12/02/2026 20:24:33,137,MOC,867857542313765,404450989516564,HR-SNP-0147,1204
9812121226,9896176244,12/02/2026 20:27:28,209,MOC,866062461323836,404450844034445,HR-SNP-0147,1204
9876128726,9812121226,12/02/2026 20:27:40,99,MTC,866182687637273,404450236739271,HR-SNP-0147,1204
9812067154,9812096673,12/02/2026 20:27:50,287,MTC,868528815347143,404450229712269,HR-SNP-0147,1204
9812119602,9812010464,12/02/2026 20:28:52,18,MTC,868347486503885,404450416960306,HR-SNP-0147,1204
9896093130,9896125129,12/02/2026 20:29:06,264,MTC,864164566179095,404450754344451,HR-SNP-0147,1204
9416155309,9812198696,12/02/2026 20:29:13,284,MTC,868232200483310,404450383614547,HR-SNP-0147,1204
9812240311,9416137760,12/02/2026 20:29:33,137,MOC,864971205868098,404450932894596,HR-SNP-0147,1204
9896076307,9812149363,12/02/2026 20:30:16,183,MTC,869107530714388,404450730100172,HR-SNP-0147,1204
9416019508,9812024663,12/02/2026 20:30:32,235,MTC,864748314304060,404450774395804,HR-SNP-0147,1204
9416089131,9896170637,12/02/2026 20:31:53,246,MTC,861385358553663,404450525146690,HR-SNP-0147,1204
9812277889,9812265392,12/02/2026 20:33:10,87,MTC,869246630495579,404450574817290,HR-SNP-0147,1204
9812016572,9812284847,12/02/2026 20:34:05,267,MOC,861885421241157,404450823310328,HR-SNP-0147,1204
9416157447,9896093130,12/02/2026 20:35:28,82,MTC,862369000825370,404450355546183,HR-SNP-0147,1204
9416074042,9896093130,12/02/2026 20:36:18,156,MOC,864854098871500,404450783563240,HR-SNP-0147,1204
9896182512,9812010464,12/02/2026 20:37:14,257,MTC,864848464299068,404450917624738,HR-SNP-0147,1204
9896076307,9876138080,12/02/2026 20:41:09,67,MTC,863495719867411,404450884030674,HR-SNP-0147,1204
9812159797,9876128373,12/02/2026 20:41:52,140,MOC,869859523877099,404450117468377,HR-SNP-0147,1204
9416091678,9416154473,12/02/2026 20:42:12,116,MOC,863762012668852,404450357553274,HR-SNP-0147,1204
9416091678,9812192719,12/02/2026 20:42:17,79,MOC,869189865480956,404450592395371,HR-SNP-0147,1204
9416046421,9812049829,12/02/2026 20:42:50,109,MTC,866947815990071,404450822062338,HR-SNP-0147,1204
9812128136,9896127361,12/02/2026 20:44:59,150,MOC,865447930222168,404450830874965,HR-SNP-0147,1204
9812056898,9896018418,12/02/2026 20:46:55,49,MOC,869765032907189,404450826824988,HR-SNP-0147,1204
9812022280,9876142914,12/02/2026 20:48:11,140,MOC,866188681391736,404450577283948,HR-SNP-0147,1204
9812215482,9416062581,12/02/2026 20:49:03,277,MOC,867533150956183,404450427410286,HR-SNP-0147,1204
9896176244,9812051104,12/02/2026 20:50:11,243,MTC,861631065900599,404450199993584,HR-SNP-0147,1204
9416154473,9896084341,12/02/2026 20:50:44,61,MOC,869737406449317,404450639843588,HR-SNP-0147,1204
9876180284,9896142406,12/02/2026 20:51:08,290,MOC,864694980513109,404450903477338,HR-SNP-0147,1204
9416022240,9812164948,12/02/2026 20:51:29,194,MOC,869186715438034,404450429430802,HR-SNP-0147,1204
9896192397,9896072277,12/02/2026 20:51:42,150,MOC,867752466393261,404450619896637,HR-SNP-0147,1204
9896161116,9876162383,12/02/2026 20:52:47,212,MTC,863576141209017,404450411871167,HR-SNP-0147,1204
9812016057,9896182512,12/02/2026 20:53:20,236,MTC,862978644819914,404450885593029,HR-SNP-0147,1204
9896029342,9876181200,12/02/2026 20:53:41,264,MOC,864038374386293,404450480043678,HR-SNP-0147,1204
9896083579,9416173653,12/02/2026 20:54:21,247,MTC,862716076034641,404450982640532,HR-SNP-0147,1204
9812188193,9896084364,12/02/2026 20:55:04,103,MTC,864905834151491,404450905488247,HR-SNP-0147,1204
9416089131,9416137760,12/02/2026 20:56:48,156,MTC,868460136558594,404450826958713,HR-SNP-0147,1204
9416134050,9416163883,12/02/2026 20:57:53,90,MOC,863288200360330,404450737819952,HR-SNP-0147,1204
9416097670,9876119071,12/02/2026 20:58:14,203,MTC,864930897381388,404450378200009,HR-SNP-0147,1204
9876163354,9416130028,12/02/2026 20:58:55,38,MTC,868639961449179,404450547236783,HR-SNP-0147,1204
9876130289,9896047930,12/02/2026 20:59:32,228,MOC,869879422075766,404450462401682,HR-SNP-0147,1204
9416127786,9896093130,12/02/2026 20:59:43,243,MTC,869787741196780,404450708689346,HR-SNP-0147,1204
9416188104,9416081121,12/02/2026 20:59:45,279,MTC,861573553231027,404450639528648,HR-SNP-0147,1204
9812023970,9896190173,12/02/2026 21:00:03,65,MOC,869862473635801,404450859945091,HR-SNP-0147,1204
9896182512,9416094080,12/02/2026 21:00:46,58,MTC,863908014919791,404450570025055,HR-SNP-0147,1204
9896140735,9812144237,12/02/2026 21:00:46,84,MOC,863605497308374,404450398238769,HR-SNP-0147,1204
9876162383,9876197500,12/02/2026 21:00:52,144,MTC,865071543631315,404450338129347,HR-SNP-0147,1204
9416172518,9896193886,12/02/2026 21:01:08,119,MTC,862589759243095,404450446875956,HR-SNP-0147,1204
9416067422,9812021003,12/02/2026 21:01:26,55,MTC,866890678559812,404450743827930,HR-SNP-0147,1204
9876161856,9876164496,12/02/2026 21:01:42,15,MOC,861239773259116,404450919743632,HR-SNP-0147,1204
9812184668,9876133819,12/02/2026 21:01:52,81,MTC,868356040247617,404450365180555,HR-SNP-0147,1204
9812121226,9416156438,12/02/2026 21:01:52,82,MTC,863080197508324,404450487076952,HR-SNP-0147,1204
9416091678,9876125860,12/02/2026 21:01:52,102,MOC,869097279068191,404450254769407,HR-SNP-0147,1204
9812058393,9876167954,12/02/2026 21:02:10,100,MTC,868458185826519,404450616779646,HR-SNP-0147,1204
9812187397,9416080798,12/02/2026 21:02:16,174,MOC,861021973846588,404450796477802,HR-SNP-0147,1204
9876180284,9812061645,12/02/2026 21:03:01,27,MOC,868499322345587,404450363339299,HR-SNP-0147,1204
9896025906,9812016572,12/02/2026 21:03:05,180,MTC,867125856043552,404450211586005,HR-SNP-0147,1204
9416085674,9896161116,12/02/2026 21:04:09,78,MOC,862808372468685,404450684805001,HR-SNP-0147,1204
9896095181,9876138080,12/02/2026 21:04:37,77,MOC,861037747849640,404450259604146,HR-SNP-0147,1204
9812070068,9812010464,12/02/2026 21:04:40,119,MOC,864511635987972,404450197641175,HR-SNP-0147,1204
9896062227,9812192719,12/02/2026 21:04:52,165,MOC,864253140976804,404450370865381,HR-SNP-0147,1204
9416156438,9896099733,12/02/2026 21:05:03,116,MOC,861421870210937,404450343390582,HR-SNP-0147,1204
9416070946,9812058393,12/02/2026 21:05:27,20,MOC,866659670625951,404450327609166,HR-SNP-0147,1204
9896028131,9896072277,12/02/2026 21:05:44,25,MTC,861909003513621,404450426728893,HR-SNP-0147,1204
9876138080,9812280010,12/02/2026 21:05:55,31,MTC,863352448419161,404450538454827,HR-SNP-0147,1204
9876132241,9896131178,12/02/2026 21:06:09,164,MTC,864694857057672,404450727416570,HR-SNP-0147,1204
9416017331,9812091183,12/02/2026 21:06:10,14,MTC,869338929721620,404450243444042,HR-SNP-0147,1204
9416138683,9416161049,12/02/2026 21:06:33,43,MOC,864353585236452,404450307154333,HR-SNP-0147,1204
9876167954,9812016057,12/02/2026 21:07:17,100,MTC,869650546925706,404450282062648,HR-SNP-0147,1204
9876187236,9416155309,12/02/2026 21:07:45,144,MOC,861209628732567,404450747781482,HR-SNP-0147,1204
9416148752,9896087128,12/02/2026 21:08:10,56,MTC,864100375194802,404450302786799,HR-SNP-0147,1204
9896178327,9896039451,12/02/2026 21:08:11,51,MTC,869423855750000,404450265907416,HR-SNP-0147,1204
9896019116,9896128301,12/02/2026 21:08:14,138,MOC,863271898057061,404450411016150,HR-SNP-0147,1204
9876133819,9812298039,12/02/2026 21:08:23,87,MOC,863292919720083,404450455635895,HR-SNP-0147,1204
9896142406,9896140735,12/02/2026 21:08:29,136,MOC,862470530776711,404450723805279,HR-SNP-0147,1204
9876121915,9876138016,12/02/2026 21:09:33,124,MOC,868674723658081,404450172701447,HR-SNP-0147,1204
9896084364,9812056898,12/02/2026 21:09:43,175,MTC,866454698863408,404450274932560,HR-SNP-0147,1204
9876181200,9812022224,12/02/2026 21:09:55,124,MOC,867482969251270,404450259272622,HR-SNP-0147,1204
9416023396,9416019508,12/02/2026 21:10:14,37,MTC,864556597843813,404450249497180,HR-SNP-0147,1204
9812224168,9812280010,12/02/2026 21:10:26,24,MOC,867257011143062,404450335449670,HR-SNP-0147,1204
9896166985,9812096511,12/02/2026 21:10:49,123,MOC,865725856724706,404450318955963,HR-SNP-0147,1204
9416067422,9416191351,12/02/2026 21:10:59,73,MOC,863509410476693,404450773648841,HR-SNP-0147,1204
9896017592,9812292240,12/02/2026 21:11:50,45,MOC,868363219713296,404450689848541,HR-SNP-0147,1204
9896040495,9416154473,12/02/2026 21:12:01,29,MTC,864555206372418,404450672903058,HR-SNP-0147,1204
9896019880,9896130676,12/02/2026 21:12:12,157,MOC,862536323087478,404450352536632,HR-SNP-0147,1204
9896128301,9812160488,12/02/2026 21:12:17,87,MOC,864006988652411,404450340442416,HR-SNP-0147,1204
9812022097,9416067422,12/02/2026 21:12:18,42,MOC,865444052496226,404450915351389,HR-SNP-0147,1204
9812192719,9812051104,12/02/2026 21:12:28,75,MOC,865529703685760,404450772408958,HR-SNP-0147,1204
9896099399,9876164496,12/02/2026 21:12:48,153,MTC,864639003358382,404450297639735,HR-SNP-0147,1204
9812016057,9812269470,12/02/2026 21:13:16,47,MTC,869418034277989,404450974723527,HR-SNP-0147,1204
9896011223,9812099881,12/02/2026 21:14:02,184,MOC,861234059123456,404450123456789,HR-SNP-0147,1204
9896166985,9896019880,12/02/2026 21:14:30,25,MOC,861980217138171,404450902080160,HR-SNP-0147,1204
9416197806,9416180545,12/02/2026 21:15:15,54,MOC,863519874332923,404450505295431,HR-SNP-0147,1204
9416044179,9896025906,12/02/2026 21:16:00,33,MOC,862299578106781,404450611988629,HR-SNP-0147,1204
9812022280,9416046517,12/02/2026 21:16:45,19,MOC,863484059809083,404450184818406,HR-SNP-0147,1204
9812154313,9416127786,12/02/2026 21:17:30,10,MOC,868326414102935,404450260757642,HR-SNP-0147,1204
9812099881,9812011234,12/02/2026 21:18:30,74,MOC,865432098765432,404450334455667,HR-SNP-0147,1204
9896060328,9416198039,12/02/2026 22:09:48,145,MTC,868239039320814,404450875840127,HR-SNP-0147,1204
9896039451,9416023396,12/02/2026 22:52:06,83,MOC,862052936518535,404450789830038,HR-SNP-0147,1204
9812044522,9896097782,12/02/2026 21:28:46,51,MOC,869828614794312,404450428601463,HR-SNP-0147,1204
9896022363,9812022280,12/02/2026 22:22:04,79,MOC,867642259269537,404450234360915,HR-SNP-0147,1204
9876182309,9416085674,12/02/2026 22:17:51,66,MTC,862360824795320,404450976773369,HR-SNP-0147,1204
9896070332,9812259672,12/02/2026 23:27:54,177,MTC,867695112074656,404450276978815,HR-SNP-0147,1204
9876141850,9896025906,12/02/2026 21:34:55,59,MTC,862834416613650,404450183546326,HR-SNP-0147,1204
9812298039,9416046421,12/02/2026 22:59:02,71,MTC,862147213529770,404450327536570,HR-SNP-0147,1204
9812245697,9812061645,12/02/2026 21:22:59,151,MOC,865226386833569,404450389016952,HR-SNP-0147,1204
9896189276,9896182512,12/02/2026 21:43:13,21,MTC,861842009786756,404450437778016,HR-SNP-0147,1204
9812245697,9416019508,12/02/2026 21:45:27,101,MTC,868004914445233,404450637102932,HR-SNP-0147,1204
9812265392,9876179352,12/02/2026 22:13:12,101,MOC,866828688863895,404450537320614,HR-SNP-0147,1204
9416155309,9896097782,12/02/2026 23:37:30,48,MOC,869389712286489,404450729597320,HR-SNP-0147,1204
9812215482,9812024371,12/02/2026 21:30:12,48,MTC,862643365953539,404450871443460,HR-SNP-0147,1204
9812114117,9416198777,12/02/2026 22:23:14,51,MTC,866961978096145,404450412288779,HR-SNP-0147,1204
9896029313,9416062581,12/02/2026 22:58:23,109,MOC,862711533828088,404450964068440,HR-SNP-0147,1204
9416199065,9812245697,12/02/2026 21:24:04,150,MOC,862655705220806,404450588346218,HR-SNP-0147,1204
9812040007,9812226828,12/02/2026 22:45:39,51,MOC,867216378160344,404450195809173,HR-SNP-0147,1204
9812056105,9896048890,12/02/2026 21:39:25,76,MTC,865505328281953,404450919422169,HR-SNP-0147,1204
9416198039,9416186019,12/02/2026 23:20:42,155,MTC,867391081385558,404450407761324,HR-SNP-0147,1204
9896010942,9416188172,12/02/2026 23:09:28,122,MTC,867572647059656,404450189647293,HR-SNP-0147,1204
9896098184,9896044970,12/02/2026 23:12:49,77,MOC,862003492766769,404450895688388,HR-SNP-0147,1204
9896176244,9416019508,12/02/2026 22:26:51,49,MOC,867611203046317,404450269872191,HR-SNP-0147,1204
9876182132,9416117685,12/02/2026 23:55:41,67,MTC,869134127575136,404450818494947,HR-SNP-0147,1204
9876125860,9896057739,12/02/2026 21:45:31,129,MTC,862508002183665,404450293567046,HR-SNP-0147,1204
9876182063,9896029342,12/02/2026 21:49:35,61,MTC,862135283210533,404450440682024,HR-SNP-0147,1204
9896077000,9812099166,12/02/2026 22:53:30,131,MOC,868994129749647,404450141105345,HR-SNP-0147,1204
9812022224,9896060328,12/02/2026 23:48:50,47,MOC,862096849971389,404450968156321,HR-SNP-0147,1204
9896029313,9896062923,12/02/2026 22:58:42,64,MOC,865747755291166,404450370659482,HR-SNP-0147,1204
9416134050,9416198777,12/02/2026 22:08:05,27,MTC,862436258832748,404450420336702,HR-SNP-0147,1204
9896019116,9896128301,12/02/2026 23:23:16,64,MTC,862623728459251,404450560135199,HR-SNP-0147,1204
9812233206,9812024663,12/02/2026 22:53:23,60,MTC,868374209488510,404450617141182,HR-SNP-0147,1204
9896142098,9812024371,12/02/2026 23:29:50,121,MTC,867844332394839,404450983706382,HR-SNP-0147,1204
9896176244,9812085456,12/02/2026 21:22:42,29,MOC,861250467525998,404450261604880,HR-SNP-0147,1204
9812016057,9896095181,12/02/2026 23:25:14,91,MOC,868149720153620,404450382182240,HR-SNP-0147,1204
9416017331,9896044970,12/02/2026 23:42:11,42,MTC,862716176061496,404450139176517,HR-SNP-0147,1204
9812061645,9896019880,12/02/2026 22:19:41,149,MOC,867642600471708,404450332075643,HR-SNP-0147,1204
9812097538,9812067154,12/02/2026 22:55:03,157,MOC,861285030326837,404450424210400,HR-SNP-0147,1204
9896097782,9416186019,12/02/2026 22:43:49,137,MTC,868217323404480,404450477666117,HR-SNP-0147,1204
9896157795,9896028131,12/02/2026 22:56:10,143,MTC,869070998663743,404450559973407,HR-SNP-0147,1204
9812051104,9896169429,12/02/2026 23:01:53,162,MOC,868668847772174,404450509700501,HR-SNP-0147,1204
9896031417,9812198501,12/02/2026 22:37:49,168,MOC,862541873344458,404450965371229,HR-SNP-0147,1204
9416138893,9416027146,12/02/2026 21:48:20,167,MTC,869732113794803,404450905245890,HR-SNP-0147,1204
9416155309,9896039451,12/02/2026 23:48:44,138,MOC,866100993973566,404450551659683,HR-SNP-0147,1204
9812121226,9896045992,12/02/2026 22:17:51,151,MTC,864440760582600,404450604201501,HR-SNP-0147,1204
9876126728,9896054942,12/02/2026 21:53:58,115,MTC,869925903841467,404450404517929,HR-SNP-0147,1204
9812182357,9812244741,12/02/2026 22:33:04,116,MOC,868296758847507,404450135084096,HR-SNP-0147,1204
9416044179,9812022097,12/02/2026 21:24:14,105,MTC,863999326372929,404450714381587,HR-SNP-0147,1204
9812147196,9896169638,12/02/2026 23:17:25,110,MOC,863265290745977,404450783193458,HR-SNP-0147,1204
9812044522,9876187236,12/02/2026 23:06:36,91,MOC,865064917687543,404450206920983,HR-SNP-0147,1204
9896097841,9416180545,12/02/2026 21:54:29,171,MTC,863798398420776,404450446179340,HR-SNP-0147,1204
9416148752,9416148752,12/02/2026 22:15:38,16,MTC,861485988643249,404450763679437,HR-SNP-0147,1204
9416130028,9896190173,12/02/2026 23:48:27,107,MOC,864282893133653,404450357399415,HR-SNP-0147,1204
9812233206,9812078146,12/02/2026 22:20:33,147,MOC,865836355434989,404450189081236,HR-SNP-0147,1204
9416037869,9896194012,12/02/2026 21:59:15,36,MOC,863158632929755,404450214972684,HR-SNP-0147,1204
9812196374,9812169692,12/02/2026 21:58:43,56,MOC,869693346157822,404450488047414,HR-SNP-0147,1204
9876179352,9416155309,12/02/2026 22:16:47,135,MOC,862294562177916,404450622393962,HR-SNP-0147,1204
9812097538,9896019116,12/02/2026 21:40:50,106,MTC,864161787864755,404450420785720,HR-SNP-0147,1204
9812056105,9896186622,12/02/2026 21:22:46,171,MOC,869514114605414,404450759282845,HR-SNP-0147,1204
9416019016,9812023970,12/02/2026 23:49:13,143,MTC,863142873357874,404450307066016,HR-SNP-0147,1204
9896142098,9416037869,12/02/2026 21:28:04,142,MOC,863020201822516,404450332956649,HR-SNP-0147,1204
9812284847,9416197806,12/02/2026 21:28:03,66,MOC,863228829676214,404450387323147,HR-SNP-0147,1204
9896073993,9812087110,12/02/2026 22:34:43,33,MTC,866178235586239,404450601484407,HR-SNP-0147,1204
9896031417,9896110851,12/02/2026 23:35:23,112,MOC,864041910987485,404450312468211,HR-SNP-0147,1204
9876180284,9416156438,12/02/2026 22:36:45,159,MTC,869584445882994,404450565436656,HR-SNP-0147,1204
9896022363,9812187992,12/02/2026 23:21:49,91,MOC,867737117035078,404450560971296,HR-SNP-0147,1204
9896186622,9876127477,12/02/2026 22:14:32,105,MOC,863943982770620,404450136249528,HR-SNP-0147,1204
9812159797,9896010942,12/02/2026 23:39:38,85,MTC,861525696724230,404450223104450,HR-SNP-0147,1204
9812277889,9896028289,12/02/2026 22:09:07,57,MTC,862276658920332,404450331052236,HR-SNP-0147,1204
9876141850,9812010464,12/02/2026 23:01:29,90,MOC,866600678727411,404450839048352,HR-SNP-0147,1204
9812286099,9812113278,12/02/2026 21:22:58,129,MTC,865092668941789,404450703056990,HR-SNP-0147,1204
9876167954,9812198501,12/02/2026 21:38:05,164,MOC,864824785468035,404450210509713,HR-SNP-0147,1204
9812191959,9416119171,12/02/2026 23:53:10,156,MTC,866589621645775,404450973375668,HR-SNP-0147,1204
9812085456,9812083563,12/02/2026 22:47:24,22,MTC,861822480443144,404450394651349,HR-SNP-0147,1204
9416181810,9416186019,12/02/2026 23:15:01,125,MOC,866749249367158,404450734765132,HR-SNP-0147,1204
9812144237,9896193886,12/02/2026 23:04:32,15,MTC,866001325227548,404450240722504,HR-SNP-0147,1204
9416054236,9896140735,12/02/2026 23:09:59,145,MOC,862219840601047,404450604544144,HR-SNP-0147,1204
9896017665,9812238221,12/02/2026 21:45:58,80,MTC,867084910774842,404450529866466,HR-SNP-0147,1204
9896169638,9812259672,12/02/2026 21:41:46,136,MOC,866250139364425,404450847814942,HR-SNP-0147,1204
9896085880,9416183519,12/02/2026 23:24:07,105,MOC,864938610802230,404450151361623,HR-SNP-0147,1204
9416198039,9416157447,12/02/2026 21:22:50,92,MTC,863994564333607,404450194507238,HR-SNP-0147,1204
9876138080,9896142406,12/02/2026 22:12:11,11,MOC,861759285553059,404450218974458,HR-SNP-0147,1204
9812240311,9416119171,12/02/2026 21:33:06,77,MTC,865747569044678,404450850185649,HR-SNP-0147,1204
9416197806,9896197410,12/02/2026 22:06:30,127,MOC,866614064661754,404450258915379,HR-SNP-0147,1204
9896017592,9896040495,12/02/2026 23:59:30,41,MOC,869407732994247,404450810032153,HR-SNP-0147,1204
9812192719,9812276542,12/02/2026 23:33:49,133,MOC,865638958954985,404450922703112,HR-SNP-0147,1204
9416134050,9876127477,12/02/2026 22:40:53,152,MOC,862318890039177,404450631078882,HR-SNP-0147,1204
9812099166,9416023396,12/02/2026 21:36:27,65,MTC,867776678905680,404450301774803,HR-SNP-0147,1204
9416157447,9876117100,12/02/2026 23:33:09,63,MTC,862857592731895,404450239651408,HR-SNP-0147,1204
9876133819,9876167954,12/02/2026 22:19:44,125,MOC,868042801563102,404450301813509,HR-SNP-0147,1204
9812191959,9896022363,12/02/2026 21:38:44,52,MTC,863590303642554,404450594945715,HR-SNP-0147,1204
9416163883,9812147196,12/02/2026 21:49:15,14,MTC,865690907573976,404450130694250,HR-SNP-0147,1204
9896137549,9896045774,12/02/2026 23:30:02,100,MTC,862479832288655,404450480562915,HR-SNP-0147,1204
9812099166,9812021003,12/02/2026 23:17:49,111,MTC,866869106855425,404450157076973,HR-SNP-0147,1204
9812187992,9876139154,12/02/2026 23:20:30,35,MOC,867728704594729,404450885980740,HR-SNP-0147,1204
9812078146,9812224168,12/02/2026 23:15:23,58,MTC,869682737875096,404450656862328,HR-SNP-0147,1204
9416163424,9416074042,12/02/2026 23:18:23,175,MOC,862954033904570,404450335771983,HR-SNP-0147,1204
9416081121,9416054236,12/02/2026 21:51:27,157,MTC,862156371699648,404450671372089,HR-SNP-0147,1204
9812189840,9812127601,12/02/2026 21:47:35,168,MTC,867912285611710,404450208774639,HR-SNP-0147,1204
9812184668,9896087128,12/02/2026 22:20:02,62,MOC,864581082432133,404450473268212,HR-SNP-0147,1204
9812199353,9416017331,12/02/2026 22:38:38,34,MOC,863994617068217,404450438349464,HR-SNP-0147,1204
9812037110,9812061173,12/02/2026 21:38:57,95,MTC,868526821097037,404450458687918,HR-SNP-0147,1204
9812051104,9812182357,12/02/2026 21:25:41,29,MOC,861171167716789,404450737808176,HR-SNP-0147,1204
9896062923,9896197410,12/02/2026 22:56:09,10,MTC,865354552315912,404450607416289,HR-SNP-0147,1204
9416068008,9416027146,12/02/2026 21:49:52,155,MTC,865019382261501,404450664003494,HR-SNP-0147,1204
9812037110,9812016057,12/02/2026 23:37:23,34,MOC,866904446961490,404450585993109,HR-SNP-0147,1204
9876126728,9896161876,12/02/2026 23:33:59,75,MTC,867409180138102,404450592579883,HR-SNP-0147,1204
9876127477,9812238221,12/02/2026 21:23:42,95,MTC,865746423167178,404450836355132,HR-SNP-0147,1204
9416031319,9812016057,12/02/2026 23:41:48,115,MOC,867284145463697,404450634543293,HR-SNP-0147,1204
9812154313,9896193886,12/02/2026 21:28:26,120,MTC,864406292494581,404450505636313,HR-SNP-0147,1204
9812188193,9896161116,12/02/2026 21:49:28,125,MOC,867136129866511,404450455618641,HR-SNP-0147,1204
9896018418,9812189840,12/02/2026 23:06:46,89,MOC,863162998647971,404450565423722,HR-SNP-0147,1204
9896186622,9876121915,12/02/2026 23:24:15,83,MOC,861150192729539,404450635718802,HR-SNP-0147,1204
9896057739,9812016572,12/02/2026 22:00:10,143,MTC,863863301453205,404450426036979,HR-SNP-0147,1204
9812199353,9416097670,12/02/2026 23:32:56,85,MOC,861719208844492,404450333351264,HR-SNP-0147,1204
9416186019,9416081121,12/02/2026 22:37:16,135,MTC,868567754237993,404450478231483,HR-SNP-0147,1204
9416074042,9812159615,12/02/2026 21:20:10,45,MTC,865985936146022,404450943170042,HR-SNP-0147,1204
9896176244,9812022224,12/02/2026 23:37:04,32,MTC,864460597112516,404450563910997,HR-SNP-0147,1204
9416131632,9812215482,12/02/2026 23:59:48,66,MOC,865373799841202,404450971565999,HR-SNP-0147,1204
9896022363,9876182132,12/02/2026 23:05:28,35,MTC,866316826748860,404450741065526,HR-SNP-0147,1204
9812044522,9896178327,12/02/2026 22:44:51,121,MTC,864512285356963,404450368457410,HR-SNP-0147,1204
9896018418,9896169429,12/02/2026 21:57:03,61,MTC,862504548501879,404450419260106,HR-SNP-0147,1204
9896050857,9896161876,12/02/2026 23:54:44,56,MTC,868687277861109,404450203124635,HR-SNP-0147,1204
9896130676,9896039219,12/02/2026 21:57:50,90,MTC,867229714251137,404450559206277,HR-SNP-0147,1204
9896019880,9896014207,12/02/2026 23:27:23,128,MOC,868407816869096,404450194949900,HR-SNP-0147,1204
9812238221,9812149363,12/02/2026 21:58:23,158,MTC,861941857737229,404450911034961,HR-SNP-0147,1204
9416186484,9876187236,12/02/2026 23:07:13,11,MTC,862486292099715,404450158725903,HR-SNP-0147,1204
9416161049,9812292240,12/02/2026 22:33:46,162,MOC,866114541288231,404450707140225,HR-SNP-0147,1204
9812290676,9416094080,12/02/2026 23:31:28,41,MOC,864606490793003,404450654334283,HR-SNP-0147,1204
9896176244,9896087128,12/02/2026 21:59:21,44,MOC,866292064464368,404450774566985,HR-SNP-0147,1204
9416019287,9896077000,12/02/2026 22:44:53,169,MOC,862181608677221,404450100038346,HR-SNP-0147,1204
9416181810,9896125129,12/02/2026 22:01:47,34,MOC,862821943568076,404450608677033,HR-SNP-0147,1204
9896097841,9896039451,12/02/2026 21:26:43,110,MOC,863142871044015,404450422040680,HR-SNP-0147,1204
9896076307,9812060968,12/02/2026 23:10:28,70,MTC,868725277447253,404450806693185,HR-SNP-0147,1204
9896029342,9812010464,12/02/2026 21:53:38,172,MOC,863491874775372,404450978911479,HR-SNP-0147,1204
9812044099,9896099733,12/02/2026 22:25:43,149,MOC,869450245755984,404450411423990,HR-SNP-0147,1204
9416155309,9896085880,12/02/2026 22:39:02,104,MTC,867787728472581,404450849098886,HR-SNP-0147,1204
9896054942,9896018418,12/02/2026 21:49:18,118,MOC,865982282196423,404450590788362,HR-SNP-0147,1204
9896178327,9876175909,12/02/2026 21:52:48,12,MTC,861749233333939,404450480885074,HR-SNP-0147,1204
9896058434,9896047930,12/02/2026 21:58:02,80,MOC,863787355407802,404450484128628,HR-SNP-0147,1204
9896097782,9812097538,12/02/2026 23:36:42,99,MTC,862106010107233,404450287364597,HR-SNP-0147,1204
9876127477,9896178327,12/02/2026 22:01:20,96,MTC,863464395097926,404450398865449,HR-SNP-0147,1204
9876180284,9416113248,12/02/2026 22:42:43,175,MTC,864172516126832,404450718517117,HR-SNP-0147,1204
9896130676,9812160488,12/02/2026 23:38:26,43,MTC,867122822590474,404450727594817,HR-SNP-0147,1204
9416113248,9416068008,12/02/2026 23:10:15,17,MOC,862697507244367,404450814318528,HR-SNP-0147,1204
9896095181,9896069598,12/02/2026 21:49:00,92,MOC,862852147167659,404450286828884,HR-SNP-0147,1204
9896019880,9416096951,12/02/2026 23:04:52,25,MTC,861657621657458,404450905236512,HR-SNP-0147,1204
9896039219,9876142914,12/02/2026 21:39:54,165,MOC,864061983335441,404450444842082,HR-SNP-0147,1204
9896044970,9876161856,12/02/2026 21:49:23,44,MOC,865441836786240,404450627317852,HR-SNP-0147,1204
9812198696,9812127601,12/02/2026 23:19:28,61,MOC,864383532304233,404450192361447,HR-SNP-0147,1204
9416041285,9416152906,12/02/2026 23:58:57,62,MOC,863473085156735,404450105622421,HR-SNP-0147,1204
9876197500,9896186622,12/02/2026 22:58:11,149,MOC,864261343521618,404450832679764,HR-SNP-0147,1204
9896093130,9812067154,12/02/2026 23:44:13,63,MTC,867195493976425,404450482773059,HR-SNP-0147,1204
9416197806,9416113248,12/02/2026 23:52:33,122,MTC,867616936012046,404450176093527,HR-SNP-0147,1204
9416130028,9416188104,12/02/2026 23:55:24,142,MTC,863074902622018,404450635488193,HR-SNP-0147,1204
9416080798,9896154020,12/02/2026 22:22:57,94,MOC,866102166101846,404450989217681,HR-SNP-0147,1204
9876175909,9876130289,12/02/2026 22:28:38,27,MOC,866067924463466,404450180291323,HR-SNP-0147,1204
9896193748,9812147196,12/02/2026 23:45:55,142,MTC,861567064437758,404450462973315,HR-SNP-0147,1204
9812164948,9812087110,12/02/2026 23:15:04,95,MOC,864591190899553,404450687430562,HR-SNP-0147,1204
9416094080,9812142591,12/02/2026 22:50:00,136,MOC,861621943423038,404450471348848,HR-SNP-0147,1204
9896018418,9416131632,12/02/2026 21:39:19,151,MTC,863280398285847,404450390456188,HR-SNP-0147,1204
9416157447,9416054236,12/02/2026 21:31:23,137,MOC,867161776278487,404450563336308,HR-SNP-0147,1204
9812240311,9812128136,12/02/2026 23:30:24,15,MOC,861916898952795,404450515672079,HR-SNP-0147,1204
9416186484,9896029313,12/02/2026 23:03:00,119,MOC,868701372787795,404450226693542,HR-SNP-0147,1204
9876127477,9812078146,12/02/2026 23:00:24,97,MTC,862021850323742,404450355733316,HR-SNP-0147,1204
9416148752,9416022240,12/02/2026 22:23:21,68,MTC,861805598634576,404450960890866,HR-SNP-0147,1204
9812157052,9416089131,12/02/2026 21:24:04,29,MOC,868714305504240,404450293910773,HR-SNP-0147,1204
9416067422,9812259672,12/02/2026 22:37:10,99,MOC,866145362612100,404450239281757,HR-SNP-0147,1204
9896072277,9416183519,12/02/2026 23:08:37,178,MOC,865398374551558,404450683735661,HR-SNP-0147,1204
9896087128,9876128726,12/02/2026 22:16:12,66,MTC,866324527366364,404450493991984,HR-SNP-0147,1204
9812217455,9812154313,12/02/2026 23:50:34,144,MTC,869858547942015,404450212075212,HR-SNP-0147,1204
9876121915,9896014207,12/02/2026 21:34:44,169,MTC,862379886164500,404450318565444,HR-SNP-0147,1204
9896125129,9812134356,12/02/2026 21:57:26,88,MOC,867550352325254,404450878366992,HR-SNP-0147,1204
9416054236,9812142591,12/02/2026 21:58:45,122,MTC,863009843024208,404450122859588,HR-SNP-0147,1204
9416050306,9812187397,12/02/2026 23:36:14,81,MTC,862490203742219,404450164123910,HR-SNP-0147,1204
9876164496,9896087128,12/02/2026 22:36:12,14,MTC,868809902660206,404450147690834,HR-SNP-0147,1204
9812096511,9876162383,12/02/2026 22:21:17,57,MTC,861921410036807,404450809101742,HR-SNP-0147,1204
9416050001,9896157795,12/02/2026 22:43:19,99,MOC,866995891791696,404450879307086,HR-SNP-0147,1204
9896028131,9416089131,12/02/2026 23:18:31,37,MTC,869154144710450,404450555089389,HR-SNP-0147,1204
9896186622,9896118675,12/02/2026 23:56:21,76,MOC,867708568427663,404450601794417,HR-SNP-0147,1204
9416191351,9416024621,12/02/2026 22:25:03,81,MTC,866203536723266,404450462422604,HR-SNP-0147,1204
9876181200,9416056566,12/02/2026 23:55:56,167,MTC,865726017493236,404450807842761,HR-SNP-0147,1204
9416023396,9416186019,12/02/2026 22:28:24,88,MTC,865655040173372,404450291968281,HR-SNP-0147,1204
9896050857,9416027146,12/02/2026 23:21:11,122,MOC,861650543404097,404450485176589,HR-SNP-0147,1204
9896169638,9812116630,12/02/2026 23:31:07,114,MOC,865862244630398,404450755335262,HR-SNP-0147,1204
9812259672,9416096951,12/02/2026 23:50:34,122,MOC,865860987015931,404450378679814,HR-SNP-0147,1204
9416188104,9812128136,12/02/2026 23:35:08,171,MOC,865093316776173,404450222886061,HR-SNP-0147,1204
9812060968,9896098184,12/02/2026 21:30:30,122,MTC,865010285515016,404450165297317,HR-SNP-0147,1204
9812160432,9416027146,12/02/2026 22:30:44,100,MOC,865130043037933,404450475519353,HR-SNP-0147,1204
9416127786,9896098184,12/02/2026 21:49:48,123,MOC,862363699513672,404450354453959,HR-SNP-0147,1204
9812280010,9896190173,12/02/2026 22:15:43,105,MTC,863518066673722,404450126515624,HR-SNP-0147,1204
9876130861,9812298039,12/02/2026 22:49:10,114,MTC,866175321780223,404450767777623,HR-SNP-0147,1204
9812024371,9876138080,12/02/2026 21:28:30,21,MTC,863641105564404,404450734825626,HR-SNP-0147,1204
9416161049,9812099166,12/02/2026 21:26:58,90,MTC,864783608231339,404450506776019,HR-SNP-0147,1204
9416050001,9812016572,12/02/2026 23:59:06,107,MOC,862361312129617,404450341142023,HR-SNP-0147,1204
9896097782,9896193748,12/02/2026 23:54:23,171,MTC,861905371398898,404450751870820,HR-SNP-0147,1204
9896128301,9896125129,12/02/2026 23:28:58,122,MTC,864428540033196,404450997657767,HR-SNP-0147,1204
9812224168,9812149363,12/02/2026 23:57:04,94,MOC,867369339754785,404450347917000,HR-SNP-0147,1204
9812265392,9416173654,12/02/2026 23:24:28,71,MTC,868215030635219,404450488566940,HR-SNP-0147,1204
9876127477,9896170637,12/02/2026 21:41:45,139,MOC,867373364829571,404450801507664,HR-SNP-0147,1204
9812129536,9896043386,12/02/2026 23:32:12,117,MOC,865310161240605,404450933704981,HR-SNP-0147,1204
9896199593,9416197806,12/02/2026 23:11:18,165,MTC,866050004748082,404450466759935,HR-SNP-0147,1204
9416180545,9416131632,12/02/2026 22:45:42,114,MTC,861272533151802,404450279068942,HR-SNP-0147,1204
9896019116,9812169692,12/02/2026 21:52:59,151,MTC,862777012026862,404450235718766,HR-SNP-0147,1204
9896029313,9416041285,12/02/2026 21:29:18,52,MOC,867828648489099,404450553504191,HR-SNP-0147,1204
9416188104,9876182309,12/02/2026 22:56:45,152,MOC,866161313668388,404450227807104,HR-SNP-0147,1204
9812299192,9416163424,12/02/2026 22:51:58,21,MOC,868665807114828,404450410623993,HR-SNP-0147,1204
9416192544,9812058393,12/02/2026 23:30:16,160,MOC,867509422576384,404450823602225,HR-SNP-0147,1204
9876162383,9812276542,12/02/2026 23:23:50,122,MOC,865915968374769,404450930009221,HR-SNP-0147,1204
9812134356,9812233206,12/02/2026 21:46:27,136,MTC,868507293782904,404450406292586,HR-SNP-0147,1204
9876164496,9812269470,12/02/2026 22:48:08,55,MOC,864705401365319,404450562286280,HR-SNP-0147,1204
9812191959,9896193748,12/02/2026 23:41:45,167,MTC,867107870700442,404450405791966,HR-SNP-0147,1204
9416180545,9812199353,12/02/2026 22:05:13,80,MTC,864936075176222,404450281806799,HR-SNP-0147,1204
9812160488,9416161049,12/02/2026 22:38:46,69,MTC,862688527751165,404450322096099,HR-SNP-0147,1204
9896099399,9812040007,12/02/2026 23:50:46,17,MOC,864435110514025,404450107156607,HR-SNP-0147,1204
9416044179,9876139154,12/02/2026 23:33:21,62,MTC,868501466034501,404450886075025,HR-SNP-0147,1204
9896125129,9416186484,12/02/2026 23:21:28,126,MTC,862928088107943,404450869068553,HR-SNP-0147,1204
9896039451,9896029342,12/02/2026 21:52:45,136,MTC,863051571511729,404450479805207,HR-SNP-0147,1204
9812119602,9416119171,12/02/2026 21:41:35,93,MOC,866899167904270,404450396468739,HR-SNP-0147,1204
9896110851,9416117685,12/02/2026 23:23:49,90,MOC,862767092901388,404450857099319,HR-SNP-0147,1204
9812266333,9812067154,12/02/2026 23:42:20,152,MOC,861140133122256,404450364047863,HR-SNP-0147,1204
9876159735,9812117944,12/02/2026 21:57:22,60,MTC,863664898853830,404450620235608,HR-SNP-0147,1204
9896093130,9812196374,12/02/2026 22:11:05,43,MOC,861056754509947,404450566346244,HR-SNP-0147,1204
9896084364,9896169929,12/02/2026 21:38:22,166,MOC,864134080544807,404450141674854,HR-SNP-0147,1204
9812169692,9876162383,12/02/2026 23:14:11,171,MOC,867135952262172,404450619941291,HR-SNP-0147,1204
9812056898,9812235144,12/02/2026 23:44:51,69,MTC,869532673984078,404450626371835,HR-SNP-0147,1204
9876128726,9896161116,12/02/2026 23:07:05,133,MTC,864848705304312,404450220653592,HR-SNP-0147,1204
9896019116,9896040495,12/02/2026 22:38:26,93,MOC,868476088159508,404450224359899,HR-SNP-0147,1204
9896054942,9812269470,12/02/2026 22:08:06,179,MOC,869512119110890,404450964062922,HR-SNP-0147,1204
9896014207,9812142591,12/02/2026 23:33:34,17,MTC,869926092765315,404450330968493,HR-SNP-0147,1204
9416094080,9896176244,12/02/2026 23:11:41,92,MTC,866586356540679,404450541553871,HR-SNP-0147,1204
9896039219,9896025906,12/02/2026 23:06:52,112,MTC,861961696300873,404450388103439,HR-SNP-0147,1204
9812117944,9876116582,12/02/2026 23:32:34,172,MOC,868874000096707,404450540031795,HR-SNP-0147,1204
9896192397,9812037110,12/02/2026 22:20:25,147,MOC,866800829006894,404450238743910,HR-SNP-0147,1204
9416031319,9416031319,12/02/2026 23:47:23,107,MOC,867370340433366,404450674959397,HR-SNP-0147,1204
9812022280,9896142098,12/02/2026 22:14:11,111,MOC,866829876422821,404450543879804,HR-SNP-0147,1204
9896169429,9812157052,12/02/2026 22:18:52,13,MOC,861355818635670,404450910805871,HR-SNP-0147,1204
9416156438,9896097416,12/02/2026 23:43:47,111,MTC,863757550617441,404450403965278,HR-SNP-0147,1204
9416041285,9812129536,12/02/2026 22:42:19,171,MOC,865789033610499,404450905215527,HR-SNP-0147,1204
9876161856,9876182309,12/02/2026 21:53:45,43,MTC,862494055843493,404450182170332,HR-SNP-0147,1204
9896097841,9896017665,12/02/2026 21:40:10,15,MOC,863671121656519,404450202603195,HR-SNP-0147,1204
9812078146,9812253540,12/02/2026 23:06:48,92,MTC,866312975184626,404450394258670,HR-SNP-0147,1204
9812088504,9416155309,12/02/2026 23:25:18,77,MTC,866121218418724,404450561209234,HR-SNP-0147,1204
9812119602,9876197500,12/02/2026 21:45:24,153,MTC,866001417902941,404450854711076,HR-SNP-0147,1204
9896098184,9812154313,12/02/2026 23:45:36,107,MOC,869744524011106,404450881208866,HR-SNP-0147,1204
9876141850,9896161876,12/02/2026 23:07:29,37,MTC,861437980108612,404450526649827,HR-SNP-0147,1204
9896040495,9876139154,12/02/2026 22:23:22,132,MOC,866465959285233,404450456949875,HR-SNP-0147,1204
9416134050,9416152753,12/02/2026 21:59:15,153,MOC,869619750655588,404450737168632,HR-SNP-0147,1204
9416134050,9416198777,12/02/2026 22:28:15,113,MTC,865092075538882,404450163278782,HR-SNP-0147,1204
9812159797,9896014207,12/02/2026 23:34:44,89,MTC,863649283246146,404450139202005,HR-SNP-0147,1204
9896182512,9876197500,12/02/2026 22:47:46,11,MTC,864679457239375,404450910715800,HR-SNP-0147,1204
9896084341,9896161876,12/02/2026 23:53:34,137,MTC,866661779388870,404450595394442,HR-SNP-0147,1204
9896115014,9896169638,12/02/2026 23:31:53,30,MOC,867605992580310,404450236668521,HR-SNP-0147,1204
9812024371,9896125129,12/02/2026 21:23:43,41,MOC,868697429081856,404450222046425,HR-SNP-0147,1204
9896025906,9896087128,12/02/2026 21:30:39,53,MTC,868024067458135,404450109941265,HR-SNP-0147,1204
9416180545,9896030032,12/02/2026 22:41:01,85,MTC,866671600865665,404450760459116,HR-SNP-0147,1204
9896178327,9812024663,12/02/2026 23:01:28,46,MTC,867531418935828,404450657679799,HR-SNP-0147,1204
9896062227,9896050857,12/02/2026 22:28:36,63,MTC,863886799300559,404450663047076,HR-SNP-0147,1204
9416022240,9812266333,12/02/2026 23:29:23,116,MOC,869277047723751,404450171992253,HR-SNP-0147,1204
9812253540,9812061645,12/02/2026 21:21:31,61,MOC,869068258121085,404450455446264,HR-SNP-0147,1204
9416094080,9896058434,12/02/2026 21:45:51,162,MOC,867163564853312,404450783268661,HR-SNP-0147,1204
9812127601,9876120155,12/02/2026 23:52:41,170,MOC,864392714408642,404450394828690,HR-SNP-0147,1204
9896028131,9896199593,12/02/2026 22:37:36,88,MTC,864563359850531,404450183189355,HR-SNP-0147,1204
9416156438,9812114117,12/02/2026 22:01:37,81,MOC,863225232529534,404450955648194,HR-SNP-0147,1204
9876164496,9812290676,12/02/2026 23:42:37,157,MTC,869331846698960,404450324741375,HR-SNP-0147,1204
9416017331,9812134356,12/02/2026 22:05:54,65,MOC,863579621454773,404450253902993,HR-SNP-0147,1204
9896069598,9416013617,12/02/2026 22:05:00,92,MOC,863409700803911,404450649439339,HR-SNP-0147,1204
9896025906,9896062227,12/02/2026 23:20:03,93,MTC,865235341538472,404450701451262,HR-SNP-0147,1204
9876161856,9876167954,12/02/2026 23:07:22,131,MTC,866577109461750,404450669819226,HR-SNP-0147,1204
9812113278,9812037110,12/02/2026 21:41:21,172,MTC,863515611083184,404450569486359,HR-SNP-0147,1204
9896039219,9896084341,12/02/2026 23:53:03,74,MOC,864132526582611,404450127160892,HR-SNP-0147,1204
9896057739,9876121915,12/02/2026 22:59:51,118,MOC,867726739055643,404450501800480,HR-SNP-0147,1204
9416022240,9812083563,12/02/2026 22:08:52,123,MTC,864429643066155,404450106028563,HR-SNP-0147,1204
9812286099,9416152753,12/02/2026 22:44:45,104,MTC,861589583165153,404450794945166,HR-SNP-0147,1204
9896072277,9876182063,12/02/2026 22:35:04,21,MTC,869626246310188,404450286585153,HR-SNP-0147,1204
9896161876,9416157447,12/02/2026 23:29:16,19,MTC,864112718260768,404450241356185,HR-SNP-0147,1204
9896019116,9416181810,12/02/2026 21:42:36,24,MTC,866527890595816,404450204663479,HR-SNP-0147,1204
9812191959,9812078146,12/02/2026 23:48:34,177,MOC,866570141653748,404450861614695,HR-SNP-0147,1204
9876138016,9896115695,12/02/2026 22:06:12,13,MTC,862142725369954,404450307167679,HR-SNP-0147,1204
9812016057,9812182512,12/02/2026 23:36:56,31,MOC,861783588431535,404450395843204,HR-SNP-0147,1204
9896097841,9896010942,12/02/2026 22:14:15,54,MOC,865815994780261,404450701896059,HR-SNP-0147,1204
9416180545,9876117100,12/02/2026 22:55:45,129,MOC,862552471786814,404450224835032,HR-SNP-0147,1204
9812058393,9416138683,12/02/2026 21:44:43,57,MTC,861356335249951,404450923262095,HR-SNP-0147,1204
9416022240,9812116630,12/02/2026 22:06:14,173,MTC,862427906326605,404450877686250,HR-SNP-0147,1204
9812244741,9812067154,12/02/2026 22:27:22,43,MTC,867670313284093,404450857969344,HR-SNP-0147,1204
9812056105,9812191959,12/02/2026 22:38:23,45,MTC,864974622791270,404450996869990,HR-SNP-0147,1204
9812187992,9812087110,12/02/2026 22:11:24,55,MTC,865653337641984,404450199226690,HR-SNP-0147,1204
9876128373,9896194012,12/02/2026 23:33:46,103,MTC,868909281243390,404450990668920,HR-SNP-0147,1204
9416054236,9896199593,12/02/2026 22:06:33,108,MOC,868635172757189,404450472504153,HR-SNP-0147,1204
9812096673,9876119071,12/02/2026 22:38:49,138,MTC,864709878542806,404450377255013,HR-SNP-0147,1204
9896058434,9812164948,12/02/2026 22:19:35,18,MOC,864279770659396,404450610252663,HR-SNP-0147,1204
9896058434,9812277889,12/02/2026 21:58:10,105,MTC,861596576433059,404450446144349,HR-SNP-0147,1204
9876130289,9416019508,12/02/2026 21:48:33,50,MTC,866886147434971,404450461498632,HR-SNP-0147,1204
9812061173,9876130289,12/02/2026 21:47:21,88,MOC,868722444613601,404450968894784,HR-SNP-0147,1204
9896193748,9896030032,12/02/2026 23:24:38,112,MTC,865285664810915,404450371200090,HR-SNP-0147,1204
9812299192,9896076307,12/02/2026 23:01:54,112,MTC,869920333053338,404450215808760,HR-SNP-0147,1204
